ResponseID,ExtendedSessionID,UserID,ScenarioOrder,Intervention,PedPed,Barrier,CrossingSignal,AttributeLevel,ScenarioTypeStrict,ScenarioType,DefaultChoice,NonDefaultChoice,DefaultChoiceIsOmission,NumberOfCharacters,DiffNumberOFCharacters,Saved,Template,DescriptionShown,LeftHand,UserCountry3,Man,Woman,Pregnant,Stroller,OldMan,OldWoman,Boy,Girl,Homeless,LargeWoman,LargeMan,Criminal,MaleExecutive,FemaleExecutive,FemaleAthlete,MaleAthlete,FemaleDoctor,MaleDoctor,Dog,Cat
2222bRQqBTZ6dLnPH,32757157_6999801415950060.0,6999801415950060.0,7,0,0,0,1,Fit,Fitness,Fitness,Fit,Fat,1.0,5,0,1,Desktop,1.0,1.0,USA,1.0,1,0,0,0,0,0,0,0,0,0,0,0,0,1,2,0,0,0,0
2222bRQqBTZ6dLnPH,32757157_6999801415950060.0,6999801415950060.0,7,1,0,1,0,Fat,Fitness,Fitness,Fit,Fat,1.0,5,0,0,Desktop,1.0,0.0,USA,2.0,0,0,0,0,0,0,0,0,2,1,0,0,0,0,0,0,0,0,0
22244vvSZfn4J9Zop,1525185249_1436495773909467.0,1436495773909470.0,11,0,0,1,0,Low,Social Status,Social Status,High,Low,0.0,2,0,0,Desktop,1.0,1.0,RUS,0.0,0,0,0,0,0,0,0,2,0,0,0,0,0,0,0,0,0,0,0
222746xXDGzpp67gF,208950020_6301448966836256.0,6301448966836260.0,8,1,0,0,0,High,Social Status,Social Status,High,Low,0.0,1,0,1,Mobile,0.0,1.0,HUN,0.0,0,0,0,0,0,0,0,0,0,0,0,0,1,0,0,0,0,0,0
2227h9GkrNbwhBD6t,-1033736141_5392791780749771.0,5392791780749770.0,11,1,0,0,2,Female,Gender,Gender,Male,Female,1.0,1,0,1,Desktop,1.0,0.0,BRA,0.0,0,0,0,0,0,0,0,0,1,0,0,0,0,0,0,0,0,0,0
2227h9GkrNbwhBD6t,-1033736141_5392791780749771.0,5392791780749770.0,11,0,0,1,0,Male,Gender,Gender,Male,Female,1.0,1,0,0,Desktop,1.0,1.0,BRA,0.0,0,0,0,0,0,0,0,0,0,1,0,0,0,0,0,0,0,0,0
222BRvhQN9ZR9LW5h,-972264246_4277296232223713.0,4277296232223710.5,12,1,0,0,0,Hoomans,Species,Species,Hoomans,Pets,0.0,5,0,1,Desktop,1.0,0.0,BRA,0.0,1,0,0,0,2,0,0,1,0,0,0,0,0,0,0,1,0,0,0
222BRvhQN9ZR9LW5h,-972264246_4277296232223713.0,4277296232223710.5,12,0,0,1,0,Pets,Species,Species,Hoomans,Pets,0.0,5,0,0,Desktop,1.0,1.0,BRA,0.0,0,0,0,0,0,0,0,0,0,0,0,0,0,0,0,0,0,4,1
222Bih22xMQR5brhF,-841718081_3084184331213722.0,3084184331213720.0,11,1,0,1,0,Hoomans,Species,Species,Hoomans,Pets,0.0,4,0,1,Desktop,1.0,1.0,BRA,1.0,0,0,1,0,0,0,0,0,0,0,0,0,1,0,1,0,0,0,0
222Bih22xMQR5brhF,-841718081_3084184331213722.0,3084184331213720.0,11,0,0,0,2,Pets,Species,Species,Hoomans,Pets,0.0,4,0,0,Desktop,0.0,0.0,BRA,0.0,0,0,0,0,0,0,0,0,0,0,0,0,0,0,0,0,0,2,2
222EFaYsJGu8PN7B2,1247311683_3858850116393528.0,3858850116393529.5,6,1,1,0,1,Male,Gender,Gender,Male,Female,0.0,2,0,0,Desktop,1.0,1.0,CAN,0.0,0,0,0,0,0,0,0,0,0,0,0,0,0,0,0,0,2,0,0
222EFaYsJGu8PN7B2,1247311683_3858850116393528.0,3858850116393529.5,6,0,1,0,2,Female,Gender,Gender,Male,Female,0.0,2,0,1,Desktop,1.0,0.0,CAN,0.0,0,0,0,0,0,0,0,0,0,0,0,0,0,0,0,2,0,0,0
222FT9fvbKwBrHNyN,471976686_5877002946438568.0,5877002946438570.0,12,0,0,1,0,Young,Age,Age,Young,Old,1.0,3,0,1,Desktop,0.0,1.0,BRA,0.0,0,0,0,0,0,3,0,0,0,0,0,0,0,0,0,0,0,0,0
222FT9fvbKwBrHNyN,471976686_5877002946438568.0,5877002946438570.0,12,1,0,0,2,Old,Age,Age,Young,Old,1.0,3,0,0,Desktop,0.0,0.0,BRA,1.0,0,0,0,2,0,0,0,0,0,0,0,0,0,0,0,0,0,0,0
222GPgdeTGjHcdbw6,-1981382485_5207476621553699.0,5207476621553700.0,1,0,1,0,0,Young,Age,Age,Young,Old,1.0,4,0,1,Desktop,1.0,1.0,ESP,1.0,2,0,0,0,0,1,0,0,0,0,0,0,0,0,0,0,0,0,0
222GPgdeTGjHcdbw6,-1981382485_5207476621553699.0,5207476621553700.0,1,1,1,0,0,Old,Age,Age,Young,Old,1.0,4,0,0,Desktop,1.0,0.0,ESP,0.0,0,0,0,2,2,0,0,0,0,0,0,0,0,0,0,0,0,0,0
222HoP93WuJgkceno,-1978548163_4623751576222472.0,4623751576222470.0,11,0,0,1,0,Rand,Random,Random,,,,3,2,1,Mobile,0.0,1.0,BRA,1.0,0,0,0,0,0,1,0,0,0,1,0,0,0,0,0,0,0,0,0
222HoP93WuJgkceno,-1978548163_4623751576222472.0,4623751576222470.0,11,1,0,0,1,Rand,Random,Random,,,,1,2,0,Mobile,0.0,0.0,BRA,0.0,0,0,0,0,0,0,0,0,0,0,0,0,1,0,0,0,0,0,0
222LecKQTTt8Z2Zdn,200951175_9115261360413654.0,9115261360413650.0,6,0,0,0,2,Fat,Fitness,Fitness,Fit,Fat,0.0,5,0,0,Desktop,1.0,0.0,DEU,1.0,1,0,0,0,0,0,0,0,2,1,0,0,0,0,0,0,0,0,0
222LecKQTTt8Z2Zdn,200951175_9115261360413654.0,9115261360413650.0,6,1,0,1,0,Fit,Fitness,Fitness,Fit,Fat,0.0,5,0,1,Desktop,1.0,1.0,DEU,1.0,1,0,0,0,0,0,0,0,0,0,0,0,0,2,1,0,0,0,0
222MdxxSsk345LS6x,-243573564_2521040332590927.0,2521040332590930.0,12,1,0,0,2,Less,Utilitarian,Utilitarian,More,Less,1.0,3,2,1,Desktop,0.0,0.0,BRA,0.0,0,1,0,0,0,0,0,0,0,0,1,0,1,0,0,0,0,0,0
222MdxxSsk345LS6x,-243573564_2521040332590927.0,2521040332590930.0,12,0,0,1,0,More,Utilitarian,Utilitarian,More,Less,1.0,5,2,0,Desktop,0.0,1.0,BRA,0.0,0,1,0,0,0,0,0,0,0,1,1,1,1,0,0,0,0,0,0
222QgBRgQhNqKAQs9,-2056404518_8160408824100820.0,8160408824100819.0,3,0,1,0,0,Hoomans,Species,Species,Hoomans,Pets,1.0,3,0,1,Mobile,0.0,1.0,PRT,0.0,0,0,0,0,0,1,0,0,1,0,0,0,0,0,1,0,0,0,0
222QgBRgQhNqKAQs9,-2056404518_8160408824100820.0,8160408824100819.0,3,1,1,0,0,Pets,Species,Species,Hoomans,Pets,1.0,3,0,0,Mobile,0.0,0.0,PRT,0.0,0,0,0,0,0,0,0,0,0,0,0,0,0,0,0,0,0,2,1
222QzjiMNk5HMyMKx,-1639604395_5131937648499882.0,5131937648499880.0,10,1,1,0,0,More,Utilitarian,Utilitarian,More,Less,0.0,5,2,1,Desktop,1.0,0.0,HUN,0.0,1,0,1,0,0,0,0,0,0,0,1,0,0,0,0,1,0,1,0
222QzjiMNk5HMyMKx,-1639604395_5131937648499882.0,5131937648499880.0,10,0,1,0,0,Less,Utilitarian,Utilitarian,More,Less,0.0,3,2,0,Desktop,1.0,1.0,HUN,0.0,0,0,1,0,0,0,0,0,0,0,1,0,0,0,0,1,0,0,0
222ShmqkQv3rGjJWB,-234633561_7933491505126380.0,7933491505126381.0,1,0,0,1,0,Fat,Fitness,Fitness,Fit,Fat,0.0,4,0,0,Desktop,0.0,1.0,ESP,0.0,0,0,0,0,0,0,0,0,4,0,0,0,0,0,0,0,0,0,0
222ShmqkQv3rGjJWB,-234633561_7933491505126380.0,7933491505126381.0,1,1,0,0,0,Fit,Fitness,Fitness,Fit,Fat,0.0,4,0,1,Desktop,0.0,0.0,ESP,0.0,3,0,0,0,0,0,0,0,0,0,0,0,0,1,0,0,0,0,0
222W4HesT5xJErJXq,-1524901107_7387382678135673.0,7387382678135670.0,12,1,1,0,0,Fat,Fitness,Fitness,Fit,Fat,1.0,5,0,0,Mobile,0.0,0.0,USA,1.0,1,0,0,0,0,0,0,0,1,2,0,0,0,0,0,0,0,0,0
222W4HesT5xJErJXq,-1524901107_7387382678135673.0,7387382678135670.0,12,0,1,0,0,Fit,Fitness,Fitness,Fit,Fat,1.0,5,0,1,Mobile,0.0,1.0,USA,1.0,1,0,0,0,0,0,0,0,0,0,0,0,0,1,2,0,0,0,0
222ZkfTJL7nPeeY6W,-1987245779_4345124104306714.0,4345124104306710.5,6,1,0,0,0,More,Utilitarian,Utilitarian,More,Less,0.0,5,2,1,Desktop,0.0,1.0,USA,0.0,0,0,1,0,0,0,0,0,0,1,0,1,1,0,0,0,0,0,1
222ZkfTJL7nPeeY6W,-1987245779_4345124104306714.0,4345124104306710.5,6,0,0,1,0,Less,Utilitarian,Utilitarian,More,Less,0.0,3,2,0,Desktop,0.0,0.0,USA,0.0,0,0,0,0,0,0,0,0,0,1,0,1,0,0,0,0,0,0,1
222bh6ceSDJvxhaak,329642844_496228042967179.0,496228042967179.0,4,1,1,0,0,Hoomans,Species,Species,Hoomans,Pets,0.0,2,0,1,Mobile,0.0,1.0,BRA,0.0,0,1,0,0,0,0,0,0,0,0,0,1,0,0,0,0,0,0,0
222bh6ceSDJvxhaak,329642844_496228042967179.0,496228042967179.0,4,0,1,0,0,Pets,Species,Species,Hoomans,Pets,0.0,2,0,0,Mobile,0.0,0.0,BRA,0.0,0,0,0,0,0,0,0,0,0,0,0,0,0,0,0,0,0,0,2
222cT7cNHuupkipSw,-251772964_8091154612910210.0,8091154612910210.0,13,1,1,0,0,Rand,Fitness,Random,,,,1,0,1,Desktop,0.0,0.0,SWE,1.0,0,0,0,0,0,0,0,0,0,0,0,0,0,0,0,0,0,0,0
222cT7cNHuupkipSw,-251772964_8091154612910210.0,8091154612910210.0,13,0,1,0,0,Rand,Fitness,Random,,,,1,0,0,Desktop,0.0,1.0,SWE,0.0,0,0,0,0,0,0,0,0,0,0,0,0,0,0,1,0,0,0,0
222d3Gbx3RjfEBoGB,-648799534_670796162634275.0,670796162634275.0,12,0,0,1,0,Low,Social Status,Social Status,High,Low,0.0,3,0,1,Desktop,0.0,1.0,BRA,1.0,1,0,0,0,0,0,0,1,0,0,0,0,0,0,0,0,0,0,0
222eXyoNew3yhozFZ,-2143395746_5897031988670582.0,5897031988670580.0,9,0,1,0,0,Female,Gender,Gender,Male,Female,0.0,3,0,1,Desktop,1.0,1.0,GBR,0.0,0,0,0,0,1,0,0,0,1,0,0,0,0,1,0,0,0,0,0
222eXyoNew3yhozFZ,-2143395746_5897031988670582.0,5897031988670580.0,9,1,1,0,0,Male,Gender,Gender,Male,Female,0.0,3,0,0,Desktop,1.0,0.0,GBR,0.0,0,0,0,1,0,0,0,0,0,1,0,0,0,0,1,0,0,0,0
222equC8ZptNyb6Tg,-745963420_9590349094911780.0,9590349094911780.0,8,1,1,0,2,More,Utilitarian,Utilitarian,More,Less,0.0,5,3,0,Desktop,0.0,1.0,ABW,0.0,0,2,0,0,1,0,0,0,1,0,0,1,0,0,0,0,0,0,0
222equC8ZptNyb6Tg,-745963420_9590349094911780.0,9590349094911780.0,8,0,1,0,1,Less,Utilitarian,Utilitarian,More,Less,0.0,2,3,1,Desktop,0.0,0.0,ABW,0.0,0,2,0,0,0,0,0,0,0,0,0,0,0,0,0,0,0,0,0
222fXTmjrmjJx8k4r,-1557594743_796056206714226.0,796056206714226.0,9,1,0,0,0,Fit,Fitness,Fitness,Fit,Fat,0.0,4,0,1,Desktop,0.0,0.0,AUS,2.0,1,0,0,0,0,0,0,0,0,0,0,0,0,0,1,0,0,0,0
222fXTmjrmjJx8k4r,-1557594743_796056206714226.0,796056206714226.0,9,0,0,1,0,Fat,Fitness,Fitness,Fit,Fat,0.0,4,0,0,Desktop,0.0,1.0,AUS,1.0,0,0,0,0,0,0,0,0,1,2,0,0,0,0,0,0,0,0,0
222feB2SwrK38C5be,546506750_9988624123932244.0,9988624123932250.0,6,0,1,0,0,Rand,Fitness,Random,,,,1,0,0,Desktop,0.0,1.0,ITA,0.0,0,0,0,0,0,0,0,0,0,0,0,0,0,0,1,0,0,0,0
222feB2SwrK38C5be,546506750_9988624123932244.0,9988624123932250.0,6,1,1,0,0,Rand,Fitness,Random,,,,1,0,1,Desktop,0.0,0.0,ITA,1.0,0,0,0,0,0,0,0,0,0,0,0,0,0,0,0,0,0,0,0
222g6fjY7f2F9rQzv,803846034_6105316564232371.0,6105316564232370.0,2,0,0,1,0,Fit,Fitness,Fitness,Fit,Fat,1.0,1,0,1,Desktop,1.0,0.0,USA,1.0,0,0,0,0,0,0,0,0,0,0,0,0,0,0,0,0,0,0,0
222g6fjY7f2F9rQzv,803846034_6105316564232371.0,6105316564232370.0,2,1,0,0,1,Fat,Fitness,Fitness,Fit,Fat,1.0,1,0,0,Desktop,1.0,1.0,USA,0.0,0,0,0,0,0,0,0,0,0,1,0,0,0,0,0,0,0,0,0
222jdoBmJP2wSPqcf,563256744_8083725139693279.0,8083725139693280.0,1,0,1,0,1,Rand,Fitness,Random,,,,1,0,0,Desktop,0.0,1.0,BRA,0.0,0,0,0,0,0,0,0,0,0,0,0,0,0,0,1,0,0,0,0
222jdoBmJP2wSPqcf,563256744_8083725139693279.0,8083725139693280.0,1,1,1,0,2,Rand,Fitness,Random,,,,1,0,1,Desktop,0.0,0.0,BRA,1.0,0,0,0,0,0,0,0,0,0,0,0,0,0,0,0,0,0,0,0
222mjn47a58up7gXS,483061548_9474871472190278.0,9474871472190280.0,6,1,1,0,1,Fit,Fitness,Fitness,Fit,Fat,0.0,3,0,1,Desktop,1.0,1.0,JPN,1.0,0,0,0,0,0,0,0,0,0,0,0,0,0,2,0,0,0,0,0
222mjn47a58up7gXS,483061548_9474871472190278.0,9474871472190280.0,6,0,1,0,2,Fat,Fitness,Fitness,Fit,Fat,0.0,3,0,0,Desktop,1.0,0.0,JPN,0.0,0,0,0,0,0,0,0,0,2,1,0,0,0,0,0,0,0,0,0
222nc2xhAr7ontwmJ,1344209640_8314215630889135.0,8314215630889139.0,10,0,0,1,0,Male,Gender,Gender,Male,Female,1.0,2,0,1,Mobile,0.0,1.0,POL,0.0,0,0,0,0,0,0,0,0,0,0,0,1,0,0,1,0,0,0,0
222nc2xhAr7ontwmJ,1344209640_8314215630889135.0,8314215630889139.0,10,1,0,0,1,Female,Gender,Gender,Male,Female,1.0,2,0,0,Mobile,0.0,0.0,POL,0.0,0,0,0,0,0,0,0,0,0,0,0,0,1,1,0,0,0,0,0
222oBBzZjiS2XnwbW,442939257_7734776324559576.0,7734776324559581.0,7,1,1,0,0,Low,Social Status,Social Status,High,Low,1.0,2,0,0,Desktop,1.0,1.0,FRA,0.0,0,0,0,0,0,0,0,2,0,0,0,0,0,0,0,0,0,0,0
222oBBzZjiS2XnwbW,442939257_7734776324559576.0,7734776324559581.0,7,0,1,0,0,High,Social Status,Social Status,High,Low,1.0,2,0,1,Desktop,1.0,0.0,FRA,0.0,2,0,0,0,0,0,0,0,0,0,0,0,0,0,0,0,0,0,0
222qG9uAPzC3W6biX,1670532830_3387908901251266.0,3387908901251270.0,9,1,0,1,0,Young,Age,Age,Young,Old,0.0,3,0,1,Mobile,0.0,1.0,RUS,2.0,1,0,0,0,0,0,0,0,0,0,0,0,0,0,0,0,0,0,0
222qG9uAPzC3W6biX,1670532830_3387908901251266.0,3387908901251270.0,9,0,0,0,0,Old,Age,Age,Young,Old,0.0,3,0,0,Mobile,0.0,0.0,RUS,0.0,0,0,0,2,1,0,0,0,0,0,0,0,0,0,0,0,0,0,0
222vEd7mLxamAFpcB,-1588820210_9463528950530382.0,9463528950530380.0,7,1,1,0,1,Rand,Random,Random,,,,3,0,1,Desktop,0.0,1.0,USA,0.0,0,0,0,1,0,1,0,0,0,0,1,0,0,0,0,0,0,0,0
222vEd7mLxamAFpcB,-1588820210_9463528950530382.0,9463528950530380.0,7,0,1,0,2,Rand,Random,Random,,,,3,0,0,Desktop,0.0,0.0,USA,0.0,0,0,0,0,0,0,0,0,0,0,1,0,0,0,0,0,1,0,1
222wBcHAXk6HekLYd,-662808727_9558009616420568.0,9558009616420570.0,3,1,1,0,0,Male,Gender,Gender,Male,Female,0.0,5,0,0,Mobile,0.0,1.0,CHL,1.0,0,0,0,2,0,0,0,0,0,1,0,0,0,0,0,0,1,0,0
222wBcHAXk6HekLYd,-662808727_9558009616420568.0,9558009616420570.0,3,0,1,0,0,Female,Gender,Gender,Male,Female,0.0,5,0,1,Mobile,0.0,0.0,CHL,0.0,1,0,0,0,2,0,0,0,1,0,0,0,0,0,0,1,0,0,0
222wmt9DgukzeSGsQ,-810140262_2326133805263097.0,2326133805263100.0,10,1,0,1,0,Fit,Fitness,Fitness,Fit,Fat,0.0,5,0,0,Desktop,1.0,1.0,USA,1.0,0,0,0,0,0,0,0,0,0,0,0,0,0,4,0,0,0,0,0
222wmt9DgukzeSGsQ,-810140262_2326133805263097.0,2326133805263100.0,10,0,0,0,2,Fat,Fitness,Fitness,Fit,Fat,0.0,5,0,1,Desktop,1.0,0.0,USA,0.0,2,0,0,0,0,0,0,0,2,1,0,0,0,0,0,0,0,0,0
222xGwtjoMrk6RoAC,-698321175_7333222621772759.0,7333222621772760.0,5,0,1,0,0,More,Utilitarian,Utilitarian,More,Less,1.0,5,4,1,Desktop,0.0,1.0,BEL,1.0,0,0,0,0,0,1,0,0,0,0,0,0,1,0,0,0,2,0,0
222xGwtjoMrk6RoAC,-698321175_7333222621772759.0,7333222621772760.0,5,1,1,0,0,Less,Utilitarian,Utilitarian,More,Less,1.0,1,4,0,Desktop,0.0,0.0,BEL,0.0,0,0,0,0,0,1,0,0,0,0,0,0,0,0,0,0,0,0,0
222yRu3tE3pazoJ9m,-960366372_3874839892891986.0,3874839892891990.5,8,1,0,1,0,Rand,Random,Random,,,,3,1,0,Desktop,0.0,1.0,BRA,0.0,0,0,0,0,0,0,1,0,0,1,0,0,0,0,0,0,0,0,1
222yRu3tE3pazoJ9m,-960366372_3874839892891986.0,3874839892891990.5,8,0,0,0,1,Rand,Random,Random,,,,2,1,1,Desktop,0.0,0.0,BRA,0.0,1,0,0,0,0,0,0,0,0,0,0,0,0,0,0,0,0,1,0
222yWK2TLxaRHqDLp,867000841_4648117743411551.0,4648117743411550.0,9,0,0,0,1,Hoomans,Species,Species,Hoomans,Pets,1.0,5,0,1,Desktop,1.0,0.0,CZE,0.0,0,0,0,0,0,1,0,0,0,1,1,0,0,1,0,0,1,0,0
222yWK2TLxaRHqDLp,867000841_4648117743411551.0,4648117743411550.0,9,1,0,1,0,Pets,Species,Species,Hoomans,Pets,1.0,5,0,0,Desktop,1.0,1.0,CZE,0.0,0,0,0,0,0,0,0,0,0,0,0,0,0,0,0,0,0,4,1
2237D9fsENhYBXQrM,1534883849_5160403922718537.0,5160403922718540.0,13,1,0,1,0,Pets,Species,Species,Hoomans,Pets,1.0,4,0,0,Desktop,1.0,0.0,NZL,0.0,0,0,0,0,0,0,0,0,0,0,0,0,0,0,0,0,0,2,2
2237D9fsENhYBXQrM,1534883849_5160403922718537.0,5160403922718540.0,13,0,0,0,1,Hoomans,Species,Species,Hoomans,Pets,1.0,4,0,1,Desktop,1.0,1.0,NZL,0.0,0,1,0,0,0,0,0,0,1,0,0,0,0,1,0,1,0,0,0
2237fCror5ybSAAEp,1188245396_2899214972946423.0,2899214972946420.0,4,1,1,0,2,Rand,Random,Random,,,,2,1,0,Desktop,0.0,1.0,GBR,0.0,0,0,0,1,0,0,0,0,0,0,1,0,0,0,0,0,0,0,0
2237fCror5ybSAAEp,1188245396_2899214972946423.0,2899214972946420.0,4,0,1,0,1,Rand,Random,Random,,,,3,1,1,Desktop,0.0,0.0,GBR,0.0,0,1,0,2,0,0,0,0,0,0,0,0,0,0,0,0,0,0,0
223BYifT53tQSv7Yg,-1594341876_1841400032020538.0,1841400032020540.0,10,0,1,0,2,Young,Age,Age,Young,Old,1.0,3,0,0,Desktop,1.0,0.0,USA,1.0,0,0,0,0,0,1,1,0,0,0,0,0,0,0,0,0,0,0,0
223BYifT53tQSv7Yg,-1594341876_1841400032020538.0,1841400032020540.0,10,1,1,0,1,Old,Age,Age,Young,Old,1.0,3,0,1,Desktop,1.0,1.0,USA,1.0,1,0,0,1,0,0,0,0,0,0,0,0,0,0,0,0,0,0,0
223DM5kzeurLhyREo,-1449322199_7484134562350031.0,7484134562350030.0,2,0,0,0,2,Fit,Fitness,Fitness,Fit,Fat,1.0,2,0,1,Desktop,1.0,0.0,GBR,1.0,0,0,0,0,0,0,0,0,0,0,0,0,0,0,1,0,0,0,0
223DM5kzeurLhyREo,-1449322199_7484134562350031.0,7484134562350030.0,2,1,0,1,0,Fat,Fitness,Fitness,Fit,Fat,1.0,2,0,0,Desktop,1.0,1.0,GBR,0.0,0,0,0,0,0,0,0,0,0,2,0,0,0,0,0,0,0,0,0
223DNaMt43rMRympn,-32446603_6959841322104117.0,6959841322104120.0,5,1,0,0,2,Female,Gender,Gender,Male,Female,1.0,4,0,0,Mobile,0.0,0.0,USA,0.0,1,0,0,0,0,0,1,0,1,0,0,0,0,0,0,1,0,0,0
223DNaMt43rMRympn,-32446603_6959841322104117.0,6959841322104120.0,5,0,0,1,0,Male,Gender,Gender,Male,Female,1.0,4,0,1,Mobile,0.0,1.0,USA,1.0,0,0,0,0,0,1,0,0,0,1,0,0,0,0,0,0,1,0,0
223Ft2wHTr3vzyvtK,2007775256_9435757699885670.0,9435757699885670.0,3,1,0,1,0,Female,Gender,Gender,Male,Female,1.0,5,0,0,Desktop,1.0,1.0,USA,0.0,1,0,0,0,0,0,1,0,2,0,0,0,0,0,0,1,0,0,0
223Ft2wHTr3vzyvtK,2007775256_9435757699885670.0,9435757699885670.0,3,0,0,0,0,Male,Gender,Gender,Male,Female,1.0,5,0,1,Desktop,1.0,0.0,USA,1.0,0,0,0,0,0,1,0,0,0,2,0,0,0,0,0,0,1,0,0
223HNKDJ55NLtmmyR,2034232422_6969675633175908.0,6969675633175910.0,8,0,0,0,2,Pets,Species,Species,Hoomans,Pets,0.0,2,0,0,Mobile,0.0,0.0,GBR,0.0,0,0,0,0,0,0,0,0,0,0,0,0,0,0,0,0,0,0,2
223HNKDJ55NLtmmyR,2034232422_6969675633175908.0,6969675633175910.0,8,1,0,1,0,Hoomans,Species,Species,Hoomans,Pets,0.0,2,0,1,Mobile,0.0,1.0,GBR,0.0,0,0,0,0,0,0,0,1,0,0,0,0,0,0,0,1,0,0,0
223Hc42NPQGMhYGF3,-798125409_149503239214373.0,149503239214373.0,5,1,0,0,0,Old,Age,Age,Young,Old,1.0,3,0,1,Desktop,0.0,1.0,DEU,0.0,0,0,0,3,0,0,0,0,0,0,0,0,0,0,0,0,0,0,0
223Hc42NPQGMhYGF3,-798125409_149503239214373.0,149503239214373.0,5,0,0,1,0,Young,Age,Age,Young,Old,1.0,3,0,0,Desktop,0.0,0.0,DEU,2.0,0,0,0,0,0,1,0,0,0,0,0,0,0,0,0,0,0,0,0
223NyiHebca8Jzctq,-2075772119_2409912616702641.0,2409912616702640.0,11,0,0,0,1,Rand,Random,Random,,,,2,2,1,Mobile,0.0,0.0,SGP,0.0,0,1,0,1,0,0,0,0,0,0,0,0,0,0,0,0,0,0,0
223NyiHebca8Jzctq,-2075772119_2409912616702641.0,2409912616702640.0,11,1,0,1,0,Rand,Random,Random,,,,4,2,0,Mobile,0.0,1.0,SGP,0.0,0,0,0,0,0,0,0,1,0,0,1,0,0,0,0,1,0,0,1
223Pnsup4KwqKqYAk,-754547529_3099922730794795.0,3099922730794800.0,7,0,0,1,0,High,Social Status,Social Status,High,Low,1.0,4,0,1,Desktop,1.0,1.0,UKR,0.0,1,0,0,0,0,0,0,0,0,0,0,2,1,0,0,0,0,0,0
223PoACxrNQLmo5ty,-7487368_2363483742415159.0,2363483742415160.0,4,0,0,0,2,Female,Gender,Gender,Male,Female,0.0,2,0,0,Desktop,1.0,0.0,VNM,0.0,0,0,0,0,0,0,2,0,0,0,0,0,0,0,0,0,0,0,0
223PoACxrNQLmo5ty,-7487368_2363483742415159.0,2363483742415160.0,4,1,0,1,0,Male,Gender,Gender,Male,Female,0.0,2,0,1,Desktop,1.0,1.0,VNM,0.0,0,0,0,0,0,2,0,0,0,0,0,0,0,0,0,0,0,0,0
223QAz5n4ognKnDWz,-677336628_9492898848070954.0,9492898848070950.0,6,0,0,0,0,Pets,Species,Species,Hoomans,Pets,0.0,5,0,0,Desktop,1.0,0.0,BRA,0.0,0,0,0,0,0,0,0,0,0,0,0,0,0,0,0,0,0,0,5
223QAz5n4ognKnDWz,-677336628_9492898848070954.0,9492898848070950.0,6,1,0,1,0,Hoomans,Species,Species,Hoomans,Pets,0.0,5,0,1,Desktop,1.0,1.0,BRA,1.0,0,0,0,0,0,0,0,1,0,1,0,0,0,0,1,1,0,0,0
223QmtNS6RfFw9yGc,-1605411518_8674705186848397.0,8674705186848400.0,13,0,0,0,2,Fit,Fitness,Fitness,Fit,Fat,1.0,3,0,1,Desktop,1.0,1.0,USA,1.0,0,0,0,0,0,0,0,0,0,0,0,0,0,0,2,0,0,0,0
223QmtNS6RfFw9yGc,-1605411518_8674705186848397.0,8674705186848400.0,13,1,0,1,0,Fat,Fitness,Fitness,Fit,Fat,1.0,3,0,0,Desktop,1.0,0.0,USA,1.0,0,0,0,0,0,0,0,0,0,2,0,0,0,0,0,0,0,0,0
223Yk9542iJ2moRx6,-2076363024_9900479991124768.0,9900479991124770.0,10,0,0,0,2,Fat,Fitness,Fitness,Fit,Fat,0.0,4,0,1,Desktop,0.0,0.0,PRT,2.0,0,0,0,0,0,0,0,0,1,1,0,0,0,0,0,0,0,0,0
223Yk9542iJ2moRx6,-2076363024_9900479991124768.0,9900479991124770.0,10,1,0,1,0,Fit,Fitness,Fitness,Fit,Fat,0.0,4,0,0,Desktop,0.0,1.0,PRT,0.0,0,0,0,0,0,0,0,0,0,0,0,0,0,1,3,0,0,0,0
223ZN8PiARXgPFm2n,-869684176_3098277354349870.0,3098277354349870.0,12,0,1,0,0,Fit,Fitness,Fitness,Fit,Fat,1.0,5,0,0,Desktop,1.0,1.0,BRA,1.0,0,0,0,0,0,0,0,0,0,0,0,0,0,3,1,0,0,0,0
223ZN8PiARXgPFm2n,-869684176_3098277354349870.0,3098277354349870.0,12,1,1,0,0,Fat,Fitness,Fitness,Fit,Fat,1.0,5,0,1,Desktop,1.0,0.0,BRA,1.0,2,0,0,0,0,0,0,0,1,1,0,0,0,0,0,0,0,0,0
223ZgPTiyW28KSpNR,187758065_4081503192428499.0,4081503192428500.0,2,1,0,0,2,High,Social Status,Social Status,High,Low,0.0,3,0,0,Mobile,0.0,1.0,FRA,1.0,1,0,0,0,0,0,0,0,0,0,0,0,1,0,0,0,0,0,0
223Zxq5pD4CecC3GT,145660551_781210714670501.0,781210714670501.0,11,1,1,0,2,Fit,Fitness,Fitness,Fit,Fat,0.0,2,0,1,Desktop,0.0,1.0,LUX,0.0,0,0,0,0,0,0,0,0,0,0,0,0,0,1,1,0,0,0,0
223Zxq5pD4CecC3GT,145660551_781210714670501.0,781210714670501.0,11,0,1,0,1,Fat,Fitness,Fitness,Fit,Fat,0.0,2,0,0,Desktop,0.0,0.0,LUX,0.0,1,0,0,0,0,0,0,0,0,1,0,0,0,0,0,0,0,0,0
223a27aHc9uWznZwk,799354505_7350306099377748.0,7350306099377750.0,2,1,0,1,0,Fat,Fitness,Fitness,Fit,Fat,1.0,5,0,0,Desktop,1.0,0.0,RUS,1.0,3,0,0,0,0,0,0,0,1,0,0,0,0,0,0,0,0,0,0
223a27aHc9uWznZwk,799354505_7350306099377748.0,7350306099377750.0,2,0,0,0,0,Fit,Fitness,Fitness,Fit,Fat,1.0,5,0,1,Desktop,1.0,1.0,RUS,0.0,1,0,0,0,0,0,0,0,0,0,0,0,0,3,1,0,0,0,0
223cK4TjeEt3kcRqP,664693457_9473707892916890.0,9473707892916890.0,2,1,0,1,0,Fat,Fitness,Fitness,Fit,Fat,1.0,5,0,1,Desktop,1.0,0.0,BRA,0.0,0,0,0,0,0,0,0,0,2,3,0,0,0,0,0,0,0,0,0
223cK4TjeEt3kcRqP,664693457_9473707892916890.0,9473707892916890.0,2,0,0,0,2,Fit,Fitness,Fitness,Fit,Fat,1.0,5,0,0,Desktop,1.0,1.0,BRA,0.0,2,0,0,0,0,0,0,0,0,0,0,0,0,0,3,0,0,0,0
223ccWRYWHnn6Z3to,1619513827_1796967871496606.0,1796967871496610.0,11,0,1,0,1,High,Social Status,Social Status,High,Low,1.0,2,0,1,Desktop,1.0,1.0,POL,0.0,1,0,0,0,0,0,0,0,0,0,0,0,1,0,0,0,0,0,0
223e8TwQsepTQCB4r,934070974_7807975720412870.0,7807975720412870.0,7,1,0,1,0,Young,Age,Age,Young,Old,0.0,3,0,1,Mobile,0.0,1.0,TUR,2.0,0,0,0,0,0,1,0,0,0,0,0,0,0,0,0,0,0,0,0
223e8TwQsepTQCB4r,934070974_7807975720412870.0,7807975720412870.0,7,0,0,0,1,Old,Age,Age,Young,Old,0.0,3,0,0,Mobile,0.0,0.0,TUR,1.0,0,0,0,2,0,0,0,0,0,0,0,0,0,0,0,0,0,0,0
223f9f3svbuqQbf4L,-10888341_2648332901299000.0,2648332901299000.0,9,0,1,0,0,Low,Social Status,Social Status,High,Low,0.0,3,0,0,Mobile,0.0,0.0,ZAF,0.0,0,0,0,0,0,0,0,3,0,0,0,0,0,0,0,0,0,0,0
223fzH4wNpB5W2fnp,-1253900264_5615523493089156.0,5615523493089160.0,11,1,1,0,2,Male,Gender,Gender,Male,Female,0.0,1,0,0,Mobile,0.0,0.0,FRA,0.0,0,0,0,0,0,0,0,0,0,0,0,0,0,0,0,0,1,0,0
223fzH4wNpB5W2fnp,-1253900264_5615523493089156.0,5615523493089160.0,11,0,1,0,1,Female,Gender,Gender,Male,Female,0.0,1,0,1,Mobile,0.0,1.0,FRA,0.0,0,0,0,0,0,0,0,0,0,0,0,0,0,0,0,1,0,0,0
223gkKGNvSHRsvibk,1870568321_3707873580228009.0,3707873580228009.5,7,1,0,1,0,Male,Gender,Gender,Male,Female,0.0,3,0,0,Desktop,0.0,0.0,HUN,1.0,0,0,0,0,0,2,0,0,0,0,0,0,0,0,0,0,0,0,0
223gkKGNvSHRsvibk,1870568321_3707873580228009.0,3707873580228009.5,7,0,0,0,0,Female,Gender,Gender,Male,Female,0.0,3,0,1,Desktop,0.0,1.0,HUN,0.0,1,0,0,0,0,0,2,0,0,0,0,0,0,0,0,0,0,0,0
223jFoQLbsoctF2wB,647219161_8585852491450665.0,8585852491450670.0,13,0,0,1,0,High,Social Status,Social Status,High,Low,1.0,3,0,0,Desktop,1.0,1.0,RUS,1.0,1,0,0,0,0,0,0,0,0,0,0,0,1,0,0,0,0,0,0
223kXeuNywiirzc62,1071288354_6253049880401023.0,6253049880401020.0,3,1,1,0,1,Old,Age,Age,Young,Old,1.0,3,0,1,Desktop,0.0,1.0,POL,1.0,0,0,0,1,1,0,0,0,0,0,0,0,0,0,0,0,0,0,0
223kXeuNywiirzc62,1071288354_6253049880401023.0,6253049880401020.0,3,0,1,0,2,Young,Age,Age,Young,Old,1.0,3,0,0,Desktop,0.0,0.0,POL,1.0,0,0,0,0,0,1,1,0,0,0,0,0,0,0,0,0,0,0,0
223kyjwEKpnpXbotQ,-1935358661_8390240709655956.0,8390240709655960.0,8,1,1,0,1,Fit,Fitness,Fitness,Fit,Fat,0.0,4,0,0,Desktop,0.0,1.0,RUS,0.0,0,0,0,0,0,0,0,0,0,0,0,0,0,3,1,0,0,0,0
223kyjwEKpnpXbotQ,-1935358661_8390240709655956.0,8390240709655960.0,8,0,1,0,2,Fat,Fitness,Fitness,Fit,Fat,0.0,4,0,1,Desktop,0.0,0.0,RUS,1.0,2,0,0,0,0,0,0,0,1,0,0,0,0,0,0,0,0,0,0
223oXz2tcN4uSD58G,541612673_1246712807620280.0,1246712807620280.0,2,1,0,1,0,Less,Utilitarian,Utilitarian,More,Less,1.0,1,4,0,Desktop,1.0,0.0,DEU,0.0,0,0,0,0,0,0,0,0,0,0,0,0,0,1,0,0,0,0,0
223oXz2tcN4uSD58G,541612673_1246712807620280.0,1246712807620280.0,2,0,0,0,2,More,Utilitarian,Utilitarian,More,Less,1.0,5,4,1,Desktop,1.0,1.0,DEU,1.0,0,0,0,0,0,0,1,0,0,1,1,0,0,1,0,0,0,0,0
223p2ZrJ3NdgYdTKm,-711680460_1571588714916119.0,1571588714916120.0,11,0,1,0,0,Rand,Social Status,Random,,,,1,0,0,Mobile,0.0,1.0,FIN,0.0,0,0,0,0,0,0,0,0,0,0,0,0,0,0,0,1,0,0,0
223p2ZrJ3NdgYdTKm,-711680460_1571588714916119.0,1571588714916120.0,11,1,1,0,0,Rand,Social Status,Random,,,,1,0,1,Mobile,0.0,0.0,FIN,0.0,1,0,0,0,0,0,0,0,0,0,0,0,0,0,0,0,0,0,0
223pPrpXpjHyMHqmH,1049962105_2364611485808363.0,2364611485808360.0,2,1,1,0,2,Fat,Fitness,Fitness,Fit,Fat,1.0,2,0,0,Mobile,0.0,0.0,DEU,1.0,0,0,0,0,0,0,0,0,1,0,0,0,0,0,0,0,0,0,0
223pPrpXpjHyMHqmH,1049962105_2364611485808363.0,2364611485808360.0,2,0,1,0,1,Fit,Fitness,Fitness,Fit,Fat,1.0,2,0,1,Mobile,0.0,1.0,DEU,0.0,0,0,0,0,0,0,0,0,0,0,0,0,0,1,1,0,0,0,0
223rC9J8KuAckCvQj,553817595_9318081378842992.0,9318081378842990.0,13,0,0,0,0,Young,Age,Age,Young,Old,1.0,5,0,1,Desktop,1.0,0.0,USA,2.0,2,0,0,0,0,1,0,0,0,0,0,0,0,0,0,0,0,0,0
223rC9J8KuAckCvQj,553817595_9318081378842992.0,9318081378842990.0,13,1,0,1,0,Old,Age,Age,Young,Old,1.0,5,0,0,Desktop,1.0,1.0,USA,0.0,0,0,0,3,2,0,0,0,0,0,0,0,0,0,0,0,0,0,0
223rcw3shssxBkGEE,-1106383534_3802665007465036.0,3802665007465040.0,12,0,1,0,1,Female,Gender,Gender,Male,Female,0.0,4,0,1,Desktop,1.0,0.0,BRA,0.0,2,0,0,0,0,0,0,0,1,0,0,0,0,1,0,0,0,0,0
223rcw3shssxBkGEE,-1106383534_3802665007465036.0,3802665007465040.0,12,1,1,0,2,Male,Gender,Gender,Male,Female,0.0,4,0,0,Desktop,1.0,1.0,BRA,2.0,0,0,0,0,0,0,0,0,0,1,0,0,0,0,1,0,0,0,0
223s4vvgfP6hg2ZDm,801956185_818667002896311.0,818667002896311.0,4,0,0,0,2,Pets,Species,Species,Hoomans,Pets,0.0,1,0,0,Desktop,0.0,0.0,BRA,0.0,0,0,0,0,0,0,0,0,0,0,0,0,0,0,0,0,0,0,1
223s4vvgfP6hg2ZDm,801956185_818667002896311.0,818667002896311.0,4,1,0,1,0,Hoomans,Species,Species,Hoomans,Pets,0.0,1,0,1,Desktop,0.0,1.0,BRA,0.0,0,0,0,0,0,0,0,0,0,0,0,0,0,0,1,0,0,0,0
223ugTQ9PF7MTaYSP,566355160_1635447859882712.0,1635447859882710.0,12,1,0,1,0,Hoomans,Species,Species,Hoomans,Pets,0.0,2,0,0,Desktop,0.0,1.0,USA,1.0,0,0,0,0,0,0,0,1,0,0,0,0,0,0,0,0,0,0,0
223ugTQ9PF7MTaYSP,566355160_1635447859882712.0,1635447859882710.0,12,0,0,0,2,Pets,Species,Species,Hoomans,Pets,0.0,2,0,1,Desktop,0.0,0.0,USA,0.0,0,0,0,0,0,0,0,0,0,0,0,0,0,0,0,0,0,0,2
223uxwWW2jJb3ghnp,1341876379_1179596993982576.0,1179596993982580.0,1,1,1,0,0,Fit,Fitness,Fitness,Fit,Fat,0.0,1,0,1,Desktop,0.0,0.0,ESP,0.0,0,0,0,0,0,0,0,0,0,0,0,0,0,0,1,0,0,0,0
223uxwWW2jJb3ghnp,1341876379_1179596993982576.0,1179596993982580.0,1,0,1,0,0,Fat,Fitness,Fitness,Fit,Fat,0.0,1,0,0,Desktop,0.0,1.0,ESP,1.0,0,0,0,0,0,0,0,0,0,0,0,0,0,0,0,0,0,0,0
223xNZnNFbzvaM2ZL,-592911312_9936621795607854.0,9936621795607850.0,13,0,0,1,0,More,Utilitarian,Utilitarian,More,Less,1.0,5,3,1,Desktop,1.0,0.0,GBR,0.0,0,0,1,0,0,0,2,0,0,0,1,0,0,0,0,0,1,0,0
223xNZnNFbzvaM2ZL,-592911312_9936621795607854.0,9936621795607850.0,13,1,0,0,0,Less,Utilitarian,Utilitarian,More,Less,1.0,2,3,0,Desktop,1.0,1.0,GBR,0.0,0,0,0,0,0,0,1,0,0,0,0,0,0,0,0,0,1,0,0
223zHrvJM8ZawwnhL,-2097238650_1085834720017553.0,1085834720017550.0,3,0,1,0,1,High,Social Status,Social Status,High,Low,1.0,1,0,1,Desktop,1.0,0.0,RUS,1.0,0,0,0,0,0,0,0,0,0,0,0,0,0,0,0,0,0,0,0
22428KnNzM6FZ4A8D,1319846616_1830055308528244.0,1830055308528240.0,12,1,0,1,0,Old,Age,Age,Young,Old,1.0,5,0,0,Desktop,1.0,1.0,USA,0.0,0,0,0,2,3,0,0,0,0,0,0,0,0,0,0,0,0,0,0
22428KnNzM6FZ4A8D,1319846616_1830055308528244.0,1830055308528240.0,12,0,0,0,0,Young,Age,Age,Young,Old,1.0,5,0,1,Desktop,1.0,0.0,USA,2.0,3,0,0,0,0,0,0,0,0,0,0,0,0,0,0,0,0,0,0
2248SWHHXbKcptQmQ,344361062_1059457671362906.0,1059457671362910.0,12,0,1,0,2,Male,Gender,Gender,Male,Female,1.0,1,0,0,Mobile,0.0,1.0,RUS,0.0,0,0,0,0,0,0,0,0,0,0,0,1,0,0,0,0,0,0,0
2248SWHHXbKcptQmQ,344361062_1059457671362906.0,1059457671362910.0,12,1,1,0,1,Female,Gender,Gender,Male,Female,1.0,1,0,1,Mobile,0.0,0.0,RUS,0.0,0,0,0,0,0,0,0,0,0,0,0,0,1,0,0,0,0,0,0
224EWe4h872zLztpH,1278829834_1459202088246669.0,1459202088246670.0,11,1,0,0,0,Fit,Fitness,Fitness,Fit,Fat,0.0,3,0,1,Desktop,1.0,0.0,MAR,0.0,0,0,0,0,0,0,0,0,0,0,0,0,0,0,3,0,0,0,0
224EWe4h872zLztpH,1278829834_1459202088246669.0,1459202088246670.0,11,0,0,1,0,Fat,Fitness,Fitness,Fit,Fat,0.0,3,0,0,Desktop,1.0,1.0,MAR,2.0,0,0,0,0,0,0,0,0,0,1,0,0,0,0,0,0,0,0,0
224FCoJ68r7k84Cee,-1557644438_6314059056507932.0,6314059056507930.0,9,1,0,1,0,Less,Utilitarian,Utilitarian,More,Less,1.0,4,1,0,Mobile,0.0,0.0,USA,0.0,1,1,0,0,0,0,0,0,0,0,2,0,0,0,0,0,0,0,0
224FCoJ68r7k84Cee,-1557644438_6314059056507932.0,6314059056507930.0,9,0,0,0,1,More,Utilitarian,Utilitarian,More,Less,1.0,5,1,1,Mobile,0.0,1.0,USA,0.0,1,1,0,0,0,0,0,0,0,0,2,0,0,1,0,0,0,0,0
224FFtTQosbk2nX6D,-785452168_9387986043243778.0,9387986043243780.0,10,1,1,0,0,Old,Age,Age,Young,Old,1.0,4,0,0,Desktop,0.0,0.0,FIN,2.0,0,0,0,1,1,0,0,0,0,0,0,0,0,0,0,0,0,0,0
224FFtTQosbk2nX6D,-785452168_9387986043243778.0,9387986043243780.0,10,0,1,0,0,Young,Age,Age,Young,Old,1.0,4,0,1,Desktop,0.0,1.0,FIN,1.0,0,0,0,0,0,2,1,0,0,0,0,0,0,0,0,0,0,0,0
224FP9CnWuhAZXxFc,-448927564_3866313829619452.0,3866313829619449.5,9,0,1,0,0,Fat,Fitness,Fitness,Fit,Fat,0.0,5,0,0,Desktop,0.0,1.0,RUS,1.0,1,0,0,0,0,0,0,0,2,1,0,0,0,0,0,0,0,0,0
224FP9CnWuhAZXxFc,-448927564_3866313829619452.0,3866313829619449.5,9,1,1,0,0,Fit,Fitness,Fitness,Fit,Fat,0.0,5,0,1,Desktop,0.0,0.0,RUS,0.0,1,0,0,0,0,0,0,0,0,0,0,0,0,2,2,0,0,0,0
224FWjppn7zAG7K7T,387791867_3307916065678000.0,3307916065678000.0,2,1,1,0,1,Male,Gender,Gender,Male,Female,0.0,1,0,1,Mobile,1.0,1.0,GBR,0.0,0,0,0,0,0,0,0,0,0,1,0,0,0,0,0,0,0,0,0
224FWjppn7zAG7K7T,387791867_3307916065678000.0,3307916065678000.0,2,0,1,0,2,Female,Gender,Gender,Male,Female,0.0,1,0,0,Mobile,1.0,0.0,GBR,0.0,0,0,0,0,0,0,0,0,1,0,0,0,0,0,0,0,0,0,0
224FiQ6c5FyDN7pJg,417172362_3942078499259059.0,3942078499259060.0,9,1,1,0,2,Fit,Fitness,Fitness,Fit,Fat,0.0,4,0,0,Desktop,1.0,1.0,BRA,0.0,0,0,0,0,0,0,0,0,0,0,0,0,0,1,3,0,0,0,0
224FiQ6c5FyDN7pJg,417172362_3942078499259059.0,3942078499259060.0,9,0,1,0,1,Fat,Fitness,Fitness,Fit,Fat,0.0,4,0,1,Desktop,1.0,0.0,BRA,1.0,0,0,0,0,0,0,0,0,1,2,0,0,0,0,0,0,0,0,0
224JaNKevqduJtu7s,1726068729_45955056888961.0,45955056888961.0,4,1,0,1,0,Fit,Fitness,Fitness,Fit,Fat,0.0,3,0,0,Desktop,0.0,1.0,GBR,0.0,0,0,0,0,0,0,0,0,0,0,0,0,0,3,0,0,0,0,0
224JaNKevqduJtu7s,1726068729_45955056888961.0,45955056888961.0,4,0,0,0,1,Fat,Fitness,Fitness,Fit,Fat,0.0,3,0,1,Desktop,0.0,0.0,GBR,0.0,1,0,0,0,0,0,0,0,2,0,0,0,0,0,0,0,0,0,0
224KGY3JjzypPW7wz,-1061625001_3084209852916029.0,3084209852916030.0,13,0,0,1,0,Less,Utilitarian,Utilitarian,More,Less,0.0,1,4,1,Desktop,1.0,0.0,GBR,0.0,0,0,0,0,0,0,1,0,0,0,0,0,0,0,0,0,0,0,0
224KGY3JjzypPW7wz,-1061625001_3084209852916029.0,3084209852916030.0,13,1,0,0,0,More,Utilitarian,Utilitarian,More,Less,0.0,5,4,0,Desktop,1.0,1.0,GBR,0.0,0,0,0,0,0,0,1,0,0,0,0,1,0,0,0,2,1,0,0
224LDFgfThRyyj9q5,-2005816188_106871193969728.0,106871193969728.0,10,0,1,0,0,More,Utilitarian,Utilitarian,More,Less,1.0,5,3,1,Mobile,0.0,0.0,BRA,0.0,0,2,0,0,0,0,1,0,0,0,0,0,0,0,0,0,0,0,2
224LDFgfThRyyj9q5,-2005816188_106871193969728.0,106871193969728.0,10,1,1,0,0,Less,Utilitarian,Utilitarian,More,Less,1.0,2,3,0,Mobile,0.0,1.0,BRA,0.0,0,2,0,0,0,0,0,0,0,0,0,0,0,0,0,0,0,0,0
224LSrTpBy8uBxyXL,-2043126679_5674573456350671.0,5674573456350670.0,4,0,0,1,0,Low,Social Status,Social Status,High,Low,0.0,2,0,0,Mobile,0.0,1.0,GBR,0.0,2,0,0,0,0,0,0,0,0,0,0,0,0,0,0,0,0,0,0
224N22Ebv4NpyayAc,401755977_3577272391512593.0,3577272391512590.0,1,1,1,0,0,Low,Social Status,Social Status,High,Low,1.0,2,0,0,Desktop,1.0,0.0,HUN,1.0,0,0,0,0,0,0,0,1,0,0,0,0,0,0,0,0,0,0,0
224Qeqo68YbTQPR9t,-640500409_654418766053563.0,654418766053563.0,7,1,1,0,0,Female,Gender,Gender,Male,Female,1.0,4,0,1,Mobile,1.0,1.0,JPN,0.0,0,0,0,0,3,0,1,0,0,0,0,0,0,0,0,0,0,0,0
224Qeqo68YbTQPR9t,-640500409_654418766053563.0,654418766053563.0,7,0,1,0,0,Male,Gender,Gender,Male,Female,1.0,4,0,0,Mobile,1.0,0.0,JPN,0.0,0,0,0,3,0,1,0,0,0,0,0,0,0,0,0,0,0,0,0
224R9MdcTskWhKRYk,2094185148_9900740021668680.0,9900740021668680.0,13,1,1,0,2,Rand,Random,Random,,,,3,0,0,Mobile,0.0,0.0,FIN,0.0,0,0,0,0,0,1,0,0,0,0,0,0,1,1,0,0,0,0,0
224R9MdcTskWhKRYk,2094185148_9900740021668680.0,9900740021668680.0,13,0,1,0,1,Rand,Random,Random,,,,3,0,1,Mobile,0.0,1.0,FIN,0.0,0,0,1,0,0,0,0,0,0,0,1,0,0,0,0,0,0,1,0
224SGzZsDodZyk9Zo,721111075_5414995396820415.0,5414995396820420.0,3,1,0,0,0,More,Utilitarian,Utilitarian,More,Less,0.0,5,1,0,Desktop,1.0,1.0,MYS,0.0,0,0,1,1,0,0,0,1,0,0,0,0,0,1,0,0,1,0,0
224SGzZsDodZyk9Zo,721111075_5414995396820415.0,5414995396820420.0,3,0,0,1,0,Less,Utilitarian,Utilitarian,More,Less,0.0,4,1,1,Desktop,1.0,0.0,MYS,0.0,0,0,1,1,0,0,0,1,0,0,0,0,0,0,0,0,1,0,0
224TuvsREKFe84Wah,1449746997_436426533990437.0,436426533990437.0,12,0,1,0,1,Fit,Fitness,Fitness,Fit,Fat,1.0,2,0,1,Mobile,0.0,0.0,CHE,1.0,0,0,0,0,0,0,0,0,0,0,0,0,0,0,1,0,0,0,0
224TuvsREKFe84Wah,1449746997_436426533990437.0,436426533990437.0,12,1,1,0,2,Fat,Fitness,Fitness,Fit,Fat,1.0,2,0,0,Mobile,0.0,1.0,CHE,0.0,0,0,0,0,0,0,0,0,0,2,0,0,0,0,0,0,0,0,0
224Yw3pai7SSqyzAG,-1384863848_685593350541976.0,685593350541976.0,4,1,0,1,0,Pets,Species,Species,Hoomans,Pets,1.0,5,0,1,Desktop,0.0,1.0,DEU,0.0,0,0,0,0,0,0,0,0,0,0,0,0,0,0,0,0,0,4,1
224Yw3pai7SSqyzAG,-1384863848_685593350541976.0,685593350541976.0,4,0,0,0,0,Hoomans,Species,Species,Hoomans,Pets,1.0,5,0,0,Desktop,0.0,0.0,DEU,0.0,1,0,0,0,0,0,0,0,0,0,1,0,0,0,1,2,0,0,0
224Z9MeYHSFRnR9eu,-272406116_5098140333418028.0,5098140333418030.0,2,0,0,0,0,Low,Social Status,Social Status,High,Low,0.0,4,0,0,Desktop,1.0,0.0,USA,0.0,1,0,0,0,0,0,0,3,0,0,0,0,0,0,0,0,0,0,0
224bTf6HL9dJS3q8f,2105258408_4163295591255747.0,4163295591255750.5,11,1,0,1,0,Female,Gender,Gender,Male,Female,1.0,1,0,0,Desktop,1.0,1.0,RUS,0.0,1,0,0,0,0,0,0,0,0,0,0,0,0,0,0,0,0,0,0
224bTf6HL9dJS3q8f,2105258408_4163295591255747.0,4163295591255750.5,11,0,0,0,2,Male,Gender,Gender,Male,Female,1.0,1,0,1,Desktop,1.0,0.0,RUS,1.0,0,0,0,0,0,0,0,0,0,0,0,0,0,0,0,0,0,0,0
224cxgPeYZTakSxMj,803343358_4187351052140056.0,4187351052140060.0,10,0,0,0,2,Fat,Fitness,Fitness,Fit,Fat,0.0,1,0,0,Mobile,0.0,0.0,RUS,1.0,0,0,0,0,0,0,0,0,0,0,0,0,0,0,0,0,0,0,0
224cxgPeYZTakSxMj,803343358_4187351052140056.0,4187351052140060.0,10,1,0,1,0,Fit,Fitness,Fitness,Fit,Fat,0.0,1,0,1,Mobile,0.0,1.0,RUS,0.0,0,0,0,0,0,0,0,0,0,0,0,0,0,0,1,0,0,0,0
224fECf7Dssx6ZFAF,-1568600054_8508210431847107.0,8508210431847110.0,5,0,1,0,0,High,Social Status,Social Status,High,Low,1.0,2,0,1,Desktop,0.0,1.0,BRA,0.0,1,0,0,0,0,0,0,0,0,0,0,0,1,0,0,0,0,0,0
224hsAXTz47ubQa6d,1893952500_4340550075021034.0,4340550075021030.5,3,0,0,1,0,Fat,Fitness,Fitness,Fit,Fat,0.0,4,0,0,Desktop,1.0,1.0,USA,0.0,1,0,0,0,0,0,0,0,0,3,0,0,0,0,0,0,0,0,0
224hsAXTz47ubQa6d,1893952500_4340550075021034.0,4340550075021030.5,3,1,0,0,0,Fit,Fitness,Fitness,Fit,Fat,0.0,4,0,1,Desktop,1.0,0.0,USA,1.0,0,0,0,0,0,0,0,0,0,0,0,0,0,1,2,0,0,0,0
224ibLpoLS8uNDoET,1021965202_8972870719763821.0,8972870719763821.0,4,0,0,1,0,Old,Age,Age,Young,Old,0.0,3,0,0,Desktop,1.0,1.0,RUS,0.0,1,0,0,1,1,0,0,0,0,0,0,0,0,0,0,0,0,0,0
224ibLpoLS8uNDoET,1021965202_8972870719763821.0,8972870719763821.0,4,1,0,0,0,Young,Age,Age,Young,Old,0.0,3,0,1,Desktop,1.0,0.0,RUS,1.0,1,0,0,0,0,0,1,0,0,0,0,0,0,0,0,0,0,0,0
224j2cgLcpMm7Jfpe,1252833285_616346249456520.0,616346249456520.0,3,0,1,0,0,Young,Age,Age,Young,Old,1.0,3,0,1,Desktop,0.0,1.0,SVK,1.0,1,0,0,0,0,0,1,0,0,0,0,0,0,0,0,0,0,0,0
224j2cgLcpMm7Jfpe,1252833285_616346249456520.0,616346249456520.0,3,1,1,0,0,Old,Age,Age,Young,Old,1.0,3,0,0,Desktop,0.0,0.0,SVK,0.0,0,0,0,1,2,0,0,0,0,0,0,0,0,0,0,0,0,0,0
224jWu7d5mkgaw8AA,-1421214340_628504093595696.0,628504093595696.0,4,0,1,0,0,Low,Social Status,Social Status,High,Low,0.0,5,0,1,Desktop,1.0,1.0,DEU,0.0,0,0,0,0,0,0,0,5,0,0,0,0,0,0,0,0,0,0,0
224kDkewYqHddBa2v,1137548239_8933688534299702.0,8933688534299699.0,9,0,1,0,0,Fit,Fitness,Fitness,Fit,Fat,1.0,1,0,0,Desktop,0.0,1.0,GBR,1.0,0,0,0,0,0,0,0,0,0,0,0,0,0,0,0,0,0,0,0
224kDkewYqHddBa2v,1137548239_8933688534299702.0,8933688534299699.0,9,1,1,0,0,Fat,Fitness,Fitness,Fit,Fat,1.0,1,0,1,Desktop,0.0,0.0,GBR,0.0,0,0,0,0,0,0,0,0,0,1,0,0,0,0,0,0,0,0,0
224kNC2Rn2CDzXbYJ,673054229_8111950648575006.0,8111950648575010.0,6,1,0,0,0,Pets,Species,Species,Hoomans,Pets,1.0,1,0,0,Desktop,0.0,0.0,DEU,0.0,0,0,0,0,0,0,0,0,0,0,0,0,0,0,0,0,0,0,1
224kNC2Rn2CDzXbYJ,673054229_8111950648575006.0,8111950648575010.0,6,0,0,1,0,Hoomans,Species,Species,Hoomans,Pets,1.0,1,0,1,Desktop,0.0,1.0,DEU,0.0,0,0,0,0,0,0,1,0,0,0,0,0,0,0,0,0,0,0,0
224nxT5J2255iYeK9,1525461453_5133471753748198.0,5133471753748200.0,9,1,1,0,1,Hoomans,Species,Species,Hoomans,Pets,0.0,4,0,1,Desktop,0.0,1.0,USA,0.0,0,0,0,0,0,1,2,1,0,0,0,0,0,0,0,0,0,0,0
224nxT5J2255iYeK9,1525461453_5133471753748198.0,5133471753748200.0,9,0,1,0,2,Pets,Species,Species,Hoomans,Pets,0.0,4,0,0,Desktop,0.0,0.0,USA,0.0,0,0,0,0,0,0,0,0,0,0,0,0,0,0,0,0,0,3,1
224qJwW9SsdZK8F4a,133111810_9861582928857668.0,9861582928857670.0,9,1,1,0,2,Pets,Species,Species,Hoomans,Pets,1.0,5,0,0,Desktop,0.0,0.0,FRA,0.0,0,0,0,0,0,0,0,0,0,0,0,0,0,0,0,0,0,1,4
224qJwW9SsdZK8F4a,133111810_9861582928857668.0,9861582928857670.0,9,0,1,0,1,Hoomans,Species,Species,Hoomans,Pets,1.0,5,0,1,Desktop,0.0,1.0,FRA,1.0,1,1,0,0,0,1,0,0,0,0,0,0,0,0,0,1,0,0,0
224qjZne8dMpkTTFP,931998731_9471183296199690.0,9471183296199690.0,12,1,1,0,0,Male,Gender,Gender,Male,Female,0.0,3,0,1,Desktop,0.0,0.0,USA,0.0,0,0,0,0,0,0,0,0,0,0,0,2,0,0,1,0,0,0,0
224qjZne8dMpkTTFP,931998731_9471183296199690.0,9471183296199690.0,12,0,1,0,0,Female,Gender,Gender,Male,Female,0.0,3,0,0,Desktop,0.0,1.0,USA,0.0,0,0,0,0,0,0,0,0,0,0,0,0,2,1,0,0,0,0,0
224qntjEqWbzEXzJK,235391360_7159971477215614.0,7159971477215610.0,8,1,0,0,2,Female,Gender,Gender,Male,Female,1.0,1,0,0,Desktop,1.0,0.0,ESP,0.0,0,0,0,0,0,0,0,0,0,0,0,0,0,1,0,0,0,0,0
224qntjEqWbzEXzJK,235391360_7159971477215614.0,7159971477215610.0,8,0,0,1,0,Male,Gender,Gender,Male,Female,1.0,1,0,1,Desktop,1.0,1.0,ESP,0.0,0,0,0,0,0,0,0,0,0,0,0,0,0,0,1,0,0,0,0
224sjiyrbpsYpkZmC,-1954129523_4887913553092376.0,4887913553092380.0,2,1,1,0,1,Pets,Species,Species,Hoomans,Pets,1.0,2,0,0,Desktop,1.0,1.0,BRA,0.0,0,0,0,0,0,0,0,0,0,0,0,0,0,0,0,0,0,2,0
224sjiyrbpsYpkZmC,-1954129523_4887913553092376.0,4887913553092380.0,2,0,1,0,2,Hoomans,Species,Species,Hoomans,Pets,1.0,2,0,1,Desktop,0.0,0.0,BRA,0.0,1,0,0,0,0,0,0,0,0,0,1,0,0,0,0,0,0,0,0
224tJTxJ8jiCJmZpt,1471617066_9135900582761938.0,9135900582761940.0,6,1,1,0,2,More,Utilitarian,Utilitarian,More,Less,0.0,5,3,0,Desktop,0.0,0.0,SWE,1.0,0,0,0,0,1,1,0,1,0,0,0,0,0,0,1,0,0,0,0
224tJTxJ8jiCJmZpt,1471617066_9135900582761938.0,9135900582761940.0,6,0,1,0,1,Less,Utilitarian,Utilitarian,More,Less,0.0,2,3,1,Desktop,0.0,1.0,SWE,1.0,0,0,0,0,0,0,0,1,0,0,0,0,0,0,0,0,0,0,0
224vHgRAsafmKMyuF,336950527_3158078381009448.0,3158078381009450.0,4,0,0,0,0,Female,Gender,Gender,Male,Female,0.0,3,0,1,Desktop,0.0,1.0,ITA,0.0,0,0,0,0,0,0,1,0,2,0,0,0,0,0,0,0,0,0,0
224vHgRAsafmKMyuF,336950527_3158078381009448.0,3158078381009450.0,4,1,0,1,0,Male,Gender,Gender,Male,Female,0.0,3,0,0,Desktop,0.0,0.0,ITA,0.0,0,0,0,0,0,1,0,0,0,2,0,0,0,0,0,0,0,0,0
224vdPrSpjs57z2QY,-1240404654_475304824967846.0,475304824967846.0,9,1,0,1,0,Fit,Fitness,Fitness,Fit,Fat,0.0,5,0,0,Desktop,0.0,0.0,BRA,1.0,1,0,0,0,0,0,0,0,0,0,0,0,0,1,2,0,0,0,0
224vdPrSpjs57z2QY,-1240404654_475304824967846.0,475304824967846.0,9,0,0,0,2,Fat,Fitness,Fitness,Fit,Fat,0.0,5,0,1,Desktop,0.0,1.0,BRA,0.0,1,0,0,0,0,0,0,0,1,3,0,0,0,0,0,0,0,0,0
224whcCq7igasvPBh,158525263_7681002311029426.0,7681002311029430.0,9,1,1,0,1,Old,Age,Age,Young,Old,1.0,3,0,0,Desktop,0.0,1.0,USA,0.0,0,0,0,1,2,0,0,0,0,0,0,0,0,0,0,0,0,0,0
224whcCq7igasvPBh,158525263_7681002311029426.0,7681002311029430.0,9,0,1,0,2,Young,Age,Age,Young,Old,1.0,3,0,1,Desktop,0.0,0.0,USA,1.0,1,0,0,0,0,0,1,0,0,0,0,0,0,0,0,0,0,0,0
224xuL22X6Mm8Ajux,-1521695227_5142096833606273.0,5142096833606270.0,5,0,1,0,2,High,Social Status,Social Status,High,Low,1.0,4,0,1,Desktop,1.0,0.0,USA,0.0,3,0,0,0,0,0,0,0,0,0,0,1,0,0,0,0,0,0,0
224yfTvjeco2fEgKp,2087614619_5425138401544559.0,5425138401544560.0,6,0,1,0,0,Female,Gender,Gender,Male,Female,0.0,5,0,1,Desktop,1.0,0.0,JPN,0.0,0,0,0,0,0,0,0,0,2,0,0,0,1,0,0,2,0,0,0
224yfTvjeco2fEgKp,2087614619_5425138401544559.0,5425138401544560.0,6,1,1,0,0,Male,Gender,Gender,Male,Female,0.0,5,0,0,Desktop,1.0,1.0,JPN,0.0,0,0,0,0,0,0,0,0,0,2,0,1,0,0,0,0,2,0,0
224yyFbT5wY4W8ZZE,-944319164_5737018300256744.0,5737018300256750.0,2,0,1,0,1,Pets,Species,Species,Hoomans,Pets,0.0,4,0,1,Mobile,0.0,0.0,AUS,0.0,0,0,0,0,0,0,0,0,0,0,0,0,0,0,0,0,0,1,3
224yyFbT5wY4W8ZZE,-944319164_5737018300256744.0,5737018300256750.0,2,1,1,0,2,Hoomans,Species,Species,Hoomans,Pets,0.0,4,0,0,Mobile,0.0,1.0,AUS,0.0,0,0,1,0,0,0,0,0,1,0,0,0,0,0,1,1,0,0,0
2256kA9E3C6ep9sNi,-1667858227_3927852888668837.0,3927852888668840.0,8,1,1,0,2,High,Social Status,Social Status,High,Low,0.0,1,0,1,Mobile,0.0,1.0,USA,0.0,1,0,0,0,0,0,0,0,0,0,0,0,0,0,0,0,0,0,0
2257JRgfhoodsMqAX,-1609450514_9722981639076866.0,9722981639076870.0,13,0,1,0,2,Female,Gender,Gender,Male,Female,0.0,5,0,0,Desktop,1.0,0.0,CHL,0.0,0,0,0,0,2,0,0,0,1,0,0,0,1,1,0,0,0,0,0
2257JRgfhoodsMqAX,-1609450514_9722981639076866.0,9722981639076870.0,13,1,1,0,1,Male,Gender,Gender,Male,Female,0.0,5,0,1,Desktop,1.0,1.0,CHL,0.0,0,0,0,2,0,0,0,0,0,1,0,1,0,0,1,0,0,0,0
2257cHLpXgEAt6vqD,892794629_8245587779532888.0,8245587779532890.0,3,0,1,0,1,Old,Age,Age,Young,Old,0.0,3,0,0,Desktop,0.0,0.0,TUR,0.0,2,0,0,1,0,0,0,0,0,0,0,0,0,0,0,0,0,0,0
2257cHLpXgEAt6vqD,892794629_8245587779532888.0,8245587779532890.0,3,1,1,0,2,Young,Age,Age,Young,Old,0.0,3,0,1,Desktop,0.0,1.0,TUR,1.0,0,0,0,0,0,0,2,0,0,0,0,0,0,0,0,0,0,0,0
2257f2RuG7JjTnQPJ,1697982941_9654742560295950.0,9654742560295950.0,8,0,1,0,0,Rand,Social Status,Random,,,,1,0,0,Desktop,0.0,0.0,USA,0.0,0,0,0,0,0,0,0,0,0,0,0,0,1,0,0,0,0,0,0
2257f2RuG7JjTnQPJ,1697982941_9654742560295950.0,9654742560295950.0,8,1,1,0,0,Rand,Social Status,Random,,,,1,0,1,Desktop,0.0,1.0,USA,0.0,1,0,0,0,0,0,0,0,0,0,0,0,0,0,0,0,0,0,0
2257hbbzEeYn9geqF,-248353618_9521152455325758.0,9521152455325760.0,8,1,0,1,0,More,Utilitarian,Utilitarian,More,Less,0.0,5,4,1,Desktop,0.0,0.0,FRA,0.0,0,0,0,1,1,0,1,0,0,0,1,0,0,0,0,0,1,0,0
2257hbbzEeYn9geqF,-248353618_9521152455325758.0,9521152455325760.0,8,0,0,0,1,Less,Utilitarian,Utilitarian,More,Less,0.0,1,4,0,Desktop,0.0,1.0,FRA,0.0,0,0,0,0,0,0,0,0,0,0,0,0,0,0,0,0,1,0,0
2259862LGHG8oG4bt,-658860003_9891266865898122.0,9891266865898120.0,9,0,0,0,1,Less,Random,Utilitarian,More,Less,0.0,2,2,1,Desktop,0.0,1.0,FRA,0.0,0,0,0,0,1,0,0,0,0,0,0,0,0,0,0,0,0,0,1
2259862LGHG8oG4bt,-658860003_9891266865898122.0,9891266865898120.0,9,1,0,1,0,More,Random,Utilitarian,More,Less,0.0,4,2,0,Desktop,0.0,0.0,FRA,0.0,0,0,0,0,2,0,0,0,0,0,0,0,0,0,0,0,1,0,1
225BroQk2cYJyJK7F,922416828_5444490333589320.0,5444490333589320.0,7,0,0,0,2,More,Utilitarian,Utilitarian,More,Less,1.0,5,3,1,Desktop,0.0,0.0,USA,1.0,1,0,1,0,1,0,0,0,0,0,0,0,0,1,0,0,0,0,0
225BroQk2cYJyJK7F,922416828_5444490333589320.0,5444490333589320.0,7,1,0,1,0,Less,Utilitarian,Utilitarian,More,Less,1.0,2,3,0,Desktop,0.0,1.0,USA,1.0,1,0,0,0,0,0,0,0,0,0,0,0,0,0,0,0,0,0,0
225MTbsfrsb4hTMf2,831497074_5058901046458706.0,5058901046458710.0,12,1,1,0,1,Pets,Species,Species,Hoomans,Pets,1.0,5,0,0,Desktop,0.0,0.0,USA,0.0,0,0,0,0,0,0,0,0,0,0,0,0,0,0,0,0,0,1,4
225MTbsfrsb4hTMf2,831497074_5058901046458706.0,5058901046458710.0,12,0,1,0,2,Hoomans,Species,Species,Hoomans,Pets,1.0,5,0,1,Desktop,0.0,1.0,USA,0.0,1,0,0,1,1,0,0,0,1,0,0,0,0,0,1,0,0,0,0
225N47TPGqbwuirvP,1491541202_3096662351843975.0,3096662351843980.0,6,0,0,0,0,More,Utilitarian,Utilitarian,More,Less,1.0,5,3,1,Mobile,0.0,0.0,USA,0.0,1,2,0,0,0,0,0,0,1,0,0,0,0,0,0,0,1,0,0
225N47TPGqbwuirvP,1491541202_3096662351843975.0,3096662351843980.0,6,1,0,1,0,Less,Utilitarian,Utilitarian,More,Less,1.0,2,3,0,Mobile,0.0,1.0,USA,0.0,0,1,0,0,0,0,0,0,1,0,0,0,0,0,0,0,0,0,0
225N7JiBt5EAfRwk8,-1609471765_4338018252043838.0,4338018252043840.0,12,0,1,0,1,Less,Utilitarian,Utilitarian,More,Less,0.0,1,4,1,Desktop,0.0,1.0,BEL,0.0,0,0,0,0,0,0,1,0,0,0,0,0,0,0,0,0,0,0,0
225N7JiBt5EAfRwk8,-1609471765_4338018252043838.0,4338018252043840.0,12,1,1,0,2,More,Utilitarian,Utilitarian,More,Less,0.0,5,4,0,Desktop,0.0,0.0,BEL,0.0,0,0,0,0,0,0,1,1,0,0,0,0,2,0,1,0,0,0,0
225PBmq79GoN587gk,1687757755_2608719453756396.0,2608719453756400.0,6,1,1,0,0,Female,Gender,Gender,Male,Female,1.0,5,0,1,Desktop,0.0,0.0,BRA,0.0,2,0,0,0,0,0,0,0,0,0,0,0,1,1,0,1,0,0,0
225PBmq79GoN587gk,1687757755_2608719453756396.0,2608719453756400.0,6,0,1,0,0,Male,Gender,Gender,Male,Female,1.0,5,0,0,Desktop,0.0,1.0,BRA,2.0,0,0,0,0,0,0,0,0,0,0,0,1,0,0,1,0,1,0,0
225PSzhN9Wvmgv6v5,-1764300227_9216009783332930.0,9216009783332930.0,5,1,0,1,0,Rand,Random,Random,,,,5,0,0,Mobile,0.0,1.0,USA,0.0,0,1,1,0,0,1,1,0,0,0,0,1,0,0,0,0,0,0,0
225PSzhN9Wvmgv6v5,-1764300227_9216009783332930.0,9216009783332930.0,5,0,0,0,2,Rand,Random,Random,,,,5,0,1,Mobile,0.0,0.0,USA,0.0,0,0,0,0,0,0,0,1,0,0,1,0,0,0,1,1,0,1,0
225QQwSv5epCoscWC,-1463957655_4720844617972640.0,4720844617972640.0,4,0,1,0,0,Female,Gender,Gender,Male,Female,0.0,1,0,0,Desktop,1.0,0.0,GBR,0.0,0,0,0,0,0,0,0,0,0,0,0,0,0,0,0,1,0,0,0
225QQwSv5epCoscWC,-1463957655_4720844617972640.0,4720844617972640.0,4,1,1,0,0,Male,Gender,Gender,Male,Female,0.0,1,0,1,Desktop,1.0,1.0,GBR,0.0,0,0,0,0,0,0,0,0,0,0,0,0,0,0,0,0,1,0,0
225ST4QnExtYBhtwT,-547365974_8129290584088507.0,8129290584088510.0,9,0,0,0,0,Less,Utilitarian,Utilitarian,More,Less,0.0,1,4,0,Desktop,1.0,1.0,KAZ,0.0,0,0,0,0,0,0,0,0,0,0,0,0,1,0,0,0,0,0,0
225ST4QnExtYBhtwT,-547365974_8129290584088507.0,8129290584088510.0,9,1,0,1,0,More,Utilitarian,Utilitarian,More,Less,0.0,5,4,1,Desktop,1.0,0.0,KAZ,0.0,0,0,1,0,0,0,0,0,1,0,1,1,1,0,0,0,0,0,0
225TTqmc46WS9LdqS,-304962906_8323986019050746.0,8323986019050750.0,11,0,1,0,1,Old,Age,Age,Young,Old,0.0,4,0,0,Mobile,0.0,1.0,CAN,0.0,0,0,0,4,0,0,0,0,0,0,0,0,0,0,0,0,0,0,0
225TTqmc46WS9LdqS,-304962906_8323986019050746.0,8323986019050750.0,11,1,1,0,2,Young,Age,Age,Young,Old,0.0,4,0,1,Mobile,0.0,0.0,CAN,3.0,0,0,0,0,0,1,0,0,0,0,0,0,0,0,0,0,0,0,0
225bi3W3brtgmeotB,507676437_2145039135762607.0,2145039135762610.0,11,0,0,0,0,High,Social Status,Social Status,High,Low,1.0,1,0,0,Desktop,0.0,1.0,PSE,0.0,1,0,0,0,0,0,0,0,0,0,0,0,0,0,0,0,0,0,0
225fNoZPaWdRkz6pM,1062690969_9603861780052436.0,9603861780052440.0,11,0,1,0,2,Young,Age,Age,Young,Old,1.0,3,0,1,Desktop,1.0,1.0,CAN,0.0,1,0,0,0,0,2,0,0,0,0,0,0,0,0,0,0,0,0,0
225fNoZPaWdRkz6pM,1062690969_9603861780052436.0,9603861780052440.0,11,1,1,0,1,Old,Age,Age,Young,Old,1.0,3,0,0,Desktop,1.0,0.0,CAN,1.0,0,0,0,1,1,0,0,0,0,0,0,0,0,0,0,0,0,0,0
225fcBXf4L9gf4SzE,-257930602_7670709797488847.0,7670709797488850.0,1,1,0,0,0,Male,Gender,Gender,Male,Female,0.0,1,0,1,Mobile,0.0,0.0,USA,1.0,0,0,0,0,0,0,0,0,0,0,0,0,0,0,0,0,0,0,0
225fcBXf4L9gf4SzE,-257930602_7670709797488847.0,7670709797488850.0,1,0,0,1,0,Female,Gender,Gender,Male,Female,0.0,1,0,0,Mobile,0.0,1.0,USA,0.0,1,0,0,0,0,0,0,0,0,0,0,0,0,0,0,0,0,0,0
225gZbu7zSugK2s42,-162764029_9897368345409632.0,9897368345409630.0,12,1,0,1,0,Hoomans,Species,Species,Hoomans,Pets,0.0,2,0,1,Desktop,0.0,1.0,UKR,0.0,0,1,0,1,0,0,0,0,0,0,0,0,0,0,0,0,0,0,0
225gZbu7zSugK2s42,-162764029_9897368345409632.0,9897368345409630.0,12,0,0,0,1,Pets,Species,Species,Hoomans,Pets,0.0,2,0,0,Desktop,0.0,0.0,UKR,0.0,0,0,0,0,0,0,0,0,0,0,0,0,0,0,0,0,0,1,1
225hPp3zvA48Dkma4,522752764_3799001320431790.0,3799001320431790.5,4,0,0,0,0,Rand,Fitness,Random,,,,3,0,0,Desktop,0.0,1.0,FRA,0.0,0,0,0,0,0,0,0,0,0,0,0,0,0,1,2,0,0,0,0
225hPp3zvA48Dkma4,522752764_3799001320431790.0,3799001320431790.5,4,1,0,1,0,Rand,Fitness,Random,,,,3,0,1,Desktop,1.0,0.0,FRA,2.0,1,0,0,0,0,0,0,0,0,0,0,0,0,0,0,0,0,0,0
225kNfbjxSeJMYuZs,999729935_6744494251595115.0,6744494251595120.0,4,0,0,0,1,Fat,Fitness,Fitness,Fit,Fat,0.0,1,0,0,Desktop,1.0,1.0,JPN,1.0,0,0,0,0,0,0,0,0,0,0,0,0,0,0,0,0,0,0,0
225kNfbjxSeJMYuZs,999729935_6744494251595115.0,6744494251595120.0,4,1,0,1,0,Fit,Fitness,Fitness,Fit,Fat,0.0,1,0,1,Desktop,1.0,0.0,JPN,0.0,0,0,0,0,0,0,0,0,0,0,0,0,0,0,1,0,0,0,0
225nBcN473TZpMLW5,219434011_4908750298022579.0,4908750298022580.0,13,1,1,0,2,Rand,Random,Random,,,,5,0,1,Desktop,1.0,1.0,USA,0.0,1,1,0,0,0,1,0,0,0,0,1,0,1,0,0,0,0,0,0
225nBcN473TZpMLW5,219434011_4908750298022579.0,4908750298022580.0,13,0,1,0,1,Rand,Random,Random,,,,5,0,0,Desktop,1.0,0.0,USA,0.0,0,1,0,0,0,0,0,1,0,2,0,0,0,0,0,0,1,0,0
225nQYgYuWpDLCNQL,1295059772_7342327352845535.0,7342327352845530.0,6,0,0,0,1,Rand,Random,Random,,,,2,1,0,Desktop,1.0,1.0,USA,0.0,0,0,0,0,0,0,0,0,0,0,1,1,0,0,0,0,0,0,0
225nQYgYuWpDLCNQL,1295059772_7342327352845535.0,7342327352845530.0,6,1,0,1,0,Rand,Random,Random,,,,1,1,1,Desktop,1.0,0.0,USA,0.0,0,0,0,0,0,0,1,0,0,0,0,0,0,0,0,0,0,0,0
225ojZJEBoBGYtvYX,-1328770560_8516659202001173.0,8516659202001170.0,10,1,0,1,0,Hoomans,Species,Species,Hoomans,Pets,0.0,5,0,1,Desktop,0.0,1.0,NOR,0.0,2,0,0,1,0,1,0,1,0,0,0,0,0,0,0,0,0,0,0
225ojZJEBoBGYtvYX,-1328770560_8516659202001173.0,8516659202001170.0,10,0,0,0,0,Pets,Species,Species,Hoomans,Pets,0.0,5,0,0,Desktop,0.0,0.0,NOR,0.0,0,0,0,0,0,0,0,0,0,0,0,0,0,0,0,0,0,1,4
225opR8AxRGWxAjJS,-340023762_9675800348407550.0,9675800348407550.0,3,1,1,0,1,Less,Utilitarian,Utilitarian,More,Less,1.0,1,4,1,Mobile,0.0,1.0,BRA,0.0,0,0,0,0,0,0,0,1,0,0,0,0,0,0,0,0,0,0,0
225opR8AxRGWxAjJS,-340023762_9675800348407550.0,9675800348407550.0,3,0,1,0,2,More,Utilitarian,Utilitarian,More,Less,1.0,5,4,0,Mobile,0.0,0.0,BRA,1.0,0,0,0,0,0,0,1,1,0,0,1,0,0,0,1,0,0,0,0
225pc3AFTWchQaXnk,-1494029437_7033113396462840.0,7033113396462840.0,9,0,0,1,0,Pets,Species,Species,Hoomans,Pets,0.0,1,0,0,Desktop,0.0,1.0,USA,0.0,0,0,0,0,0,0,0,0,0,0,0,0,0,0,0,0,0,0,1
225pc3AFTWchQaXnk,-1494029437_7033113396462840.0,7033113396462840.0,9,1,0,0,2,Hoomans,Species,Species,Hoomans,Pets,0.0,1,0,1,Desktop,0.0,0.0,USA,0.0,0,0,0,0,0,0,1,0,0,0,0,0,0,0,0,0,0,0,0
225pejoEap7yhi3vv,1806665895_3304516561087360.0,3304516561087360.0,13,0,0,1,0,Fat,Fitness,Fitness,Fit,Fat,0.0,2,0,0,Desktop,0.0,0.0,TUR,1.0,0,0,0,0,0,0,0,0,0,1,0,0,0,0,0,0,0,0,0
225pejoEap7yhi3vv,1806665895_3304516561087360.0,3304516561087360.0,13,1,0,0,0,Fit,Fitness,Fitness,Fit,Fat,0.0,2,0,1,Desktop,0.0,1.0,TUR,1.0,0,0,0,0,0,0,0,0,0,0,0,0,0,0,1,0,0,0,0
225q3G36siBBuPfoG,1504960169_2700775131800297.0,2700775131800300.0,5,0,0,0,0,More,Utilitarian,Utilitarian,More,Less,1.0,5,2,1,Mobile,0.0,1.0,USA,0.0,0,0,2,0,1,0,0,1,0,0,0,0,0,0,0,0,0,0,1
225q3G36siBBuPfoG,1504960169_2700775131800297.0,2700775131800300.0,5,1,0,1,0,Less,Utilitarian,Utilitarian,More,Less,1.0,3,2,0,Mobile,0.0,0.0,USA,0.0,0,0,1,0,1,0,0,1,0,0,0,0,0,0,0,0,0,0,0
225u8hNHZnAnKik5c,-124904107_2155508586311296.0,2155508586311300.0,7,0,1,0,0,Less,Utilitarian,Utilitarian,More,Less,0.0,2,3,0,Desktop,0.0,0.0,USA,0.0,0,0,0,0,0,0,0,0,0,0,0,0,1,0,0,0,0,0,1
225u8hNHZnAnKik5c,-124904107_2155508586311296.0,2155508586311300.0,7,1,1,0,0,More,Utilitarian,Utilitarian,More,Less,0.0,5,3,1,Desktop,0.0,1.0,USA,0.0,0,2,0,0,1,0,0,0,0,0,0,0,1,0,0,0,0,0,1
225v4bMWhxe7aAGzG,1032465565_4577765742147238.0,4577765742147240.0,12,0,1,0,0,Hoomans,Species,Species,Hoomans,Pets,1.0,5,0,1,Desktop,1.0,1.0,USA,1.0,0,0,0,1,0,0,0,0,0,0,2,0,1,0,0,0,0,0,0
225v4bMWhxe7aAGzG,1032465565_4577765742147238.0,4577765742147240.0,12,1,1,0,0,Pets,Species,Species,Hoomans,Pets,1.0,5,0,0,Desktop,1.0,0.0,USA,0.0,0,0,0,0,0,0,0,0,0,0,0,0,0,0,0,0,0,3,2
225vEC7aZW43xcSot,-744227129_2624085790849408.0,2624085790849410.0,5,0,0,0,1,More,Utilitarian,Utilitarian,More,Less,1.0,5,2,1,Desktop,0.0,1.0,RUS,1.0,0,1,0,0,0,0,0,0,0,1,1,0,0,0,0,0,0,0,1
225vEC7aZW43xcSot,-744227129_2624085790849408.0,2624085790849410.0,5,1,0,1,0,Less,Utilitarian,Utilitarian,More,Less,1.0,3,2,0,Desktop,0.0,0.0,RUS,1.0,0,0,0,0,0,0,0,0,0,1,0,0,0,0,0,0,0,0,1
225xayCG8TjQaza7X,-1252930441_8350587488010148.0,8350587488010150.0,9,0,1,0,0,Hoomans,Species,Species,Hoomans,Pets,1.0,5,0,1,Desktop,0.0,0.0,FRA,0.0,0,0,0,0,1,0,2,0,0,1,0,0,1,0,0,0,0,0,0
225xayCG8TjQaza7X,-1252930441_8350587488010148.0,8350587488010150.0,9,1,1,0,0,Pets,Species,Species,Hoomans,Pets,1.0,5,0,0,Desktop,0.0,1.0,FRA,0.0,0,0,0,0,0,0,0,0,0,0,0,0,0,0,0,0,0,5,0
225xoP5g2wZDgYjHh,923960631_9140883591026068.0,9140883591026070.0,3,0,0,0,2,Young,Age,Age,Young,Old,1.0,2,0,0,Desktop,1.0,0.0,DEU,1.0,0,0,0,0,0,0,1,0,0,0,0,0,0,0,0,0,0,0,0
225xoP5g2wZDgYjHh,923960631_9140883591026068.0,9140883591026070.0,3,1,0,1,0,Old,Age,Age,Young,Old,1.0,2,0,1,Desktop,1.0,1.0,DEU,0.0,1,0,0,1,0,0,0,0,0,0,0,0,0,0,0,0,0,0,0
2263qd5SNBb8Nxb3b,294694487_4300786631132591.0,4300786631132590.5,5,0,1,0,0,Fit,Fitness,Fitness,Fit,Fat,1.0,4,0,0,Desktop,1.0,1.0,POL,1.0,0,0,0,0,0,0,0,0,0,0,0,0,0,1,2,0,0,0,0
2263qd5SNBb8Nxb3b,294694487_4300786631132591.0,4300786631132590.5,5,1,1,0,0,Fat,Fitness,Fitness,Fit,Fat,1.0,4,0,1,Desktop,1.0,0.0,POL,1.0,0,0,0,0,0,0,0,0,1,2,0,0,0,0,0,0,0,0,0
2264jj3RFdReQG8Sy,-1625391842_5843910416588187.0,5843910416588190.0,4,1,0,1,0,High,Social Status,Social Status,High,Low,0.0,1,0,1,Mobile,0.0,1.0,ISR,1.0,0,0,0,0,0,0,0,0,0,0,0,0,0,0,0,0,0,0,0
2264jj3RFdReQG8Sy,-1625391842_5843910416588187.0,5843910416588190.0,4,0,0,0,0,Low,Social Status,Social Status,High,Low,0.0,1,0,0,Mobile,0.0,0.0,ISR,0.0,0,0,0,0,0,0,0,1,0,0,0,0,0,0,0,0,0,0,0
2265FRgRx8NxFYDPA,-742661690_2463603997906778.0,2463603997906780.0,5,0,0,1,0,Fit,Fitness,Fitness,Fit,Fat,1.0,3,0,0,Desktop,0.0,1.0,BRA,0.0,0,0,0,0,0,0,0,0,0,0,0,0,0,0,3,0,0,0,0
2265FRgRx8NxFYDPA,-742661690_2463603997906778.0,2463603997906780.0,5,1,0,0,2,Fat,Fitness,Fitness,Fit,Fat,1.0,3,0,1,Desktop,0.0,0.0,BRA,2.0,0,0,0,0,0,0,0,0,0,1,0,0,0,0,0,0,0,0,0
2265vP8S6kBGEufPh,398891342_1539991070378432.0,1539991070378430.0,1,1,1,0,2,Male,Gender,Gender,Male,Female,0.0,2,0,0,Mobile,0.0,0.0,FRA,0.0,0,0,0,2,0,0,0,0,0,0,0,0,0,0,0,0,0,0,0
2265vP8S6kBGEufPh,398891342_1539991070378432.0,1539991070378430.0,1,0,1,0,1,Female,Gender,Gender,Male,Female,0.0,2,0,1,Mobile,0.0,1.0,FRA,0.0,0,0,0,0,2,0,0,0,0,0,0,0,0,0,0,0,0,0,0
2268XG3TChD3c4vP7,1117181155_6593475101618620.0,6593475101618620.0,10,1,0,1,0,Old,Age,Age,Young,Old,1.0,4,0,0,Mobile,0.0,1.0,ESP,0.0,1,0,0,1,2,0,0,0,0,0,0,0,0,0,0,0,0,0,0
2268XG3TChD3c4vP7,1117181155_6593475101618620.0,6593475101618620.0,10,0,0,0,1,Young,Age,Age,Young,Old,1.0,4,0,1,Mobile,0.0,0.0,ESP,1.0,1,0,0,0,0,0,2,0,0,0,0,0,0,0,0,0,0,0,0
226H8fiQKowAa8iYw,-1019229109_4427495636458318.0,4427495636458320.0,7,0,1,0,2,High,Social Status,Social Status,High,Low,1.0,3,0,1,Mobile,0.0,0.0,BRA,1.0,1,0,0,0,0,0,0,0,0,0,0,0,1,0,0,0,0,0,0
226H8jPawHqZNLmSD,2051477564_1406082006078359.0,1406082006078360.0,4,0,0,0,0,Pets,Species,Species,Hoomans,Pets,0.0,5,0,0,Desktop,0.0,0.0,USA,0.0,0,0,0,0,0,0,0,0,0,0,0,0,0,0,0,0,0,2,3
226H8jPawHqZNLmSD,2051477564_1406082006078359.0,1406082006078360.0,4,1,0,1,0,Hoomans,Species,Species,Hoomans,Pets,0.0,5,0,1,Desktop,0.0,1.0,USA,0.0,0,0,0,0,0,1,0,0,0,0,1,1,1,0,0,1,0,0,0
226HXLgqAWmn3ZThm,-1892155720_7588562519107204.0,7588562519107200.0,11,0,1,0,2,Fat,Fitness,Fitness,Fit,Fat,0.0,2,0,0,Mobile,0.0,1.0,FRA,1.0,0,0,0,0,0,0,0,0,0,1,0,0,0,0,0,0,0,0,0
226HXLgqAWmn3ZThm,-1892155720_7588562519107204.0,7588562519107200.0,11,1,1,0,1,Fit,Fitness,Fitness,Fit,Fat,0.0,2,0,1,Mobile,0.0,0.0,FRA,0.0,0,0,0,0,0,0,0,0,0,0,0,0,0,0,2,0,0,0,0
226KFt2fwYZztfEzJ,1334555477_8030152575210374.0,8030152575210381.0,4,0,1,0,2,More,Utilitarian,Utilitarian,More,Less,1.0,5,3,0,Desktop,1.0,0.0,TUR,0.0,0,0,0,0,0,0,1,0,0,0,0,2,0,2,0,0,0,0,0
226KFt2fwYZztfEzJ,1334555477_8030152575210374.0,8030152575210381.0,4,1,1,0,1,Less,Utilitarian,Utilitarian,More,Less,1.0,2,3,1,Desktop,1.0,1.0,TUR,0.0,0,0,0,0,0,0,1,0,0,0,0,0,0,1,0,0,0,0,0
226L8YphHWumdMoPh,1624884070_3246094837878028.0,3246094837878030.0,5,1,1,0,2,Female,Gender,Gender,Male,Female,1.0,3,0,0,Mobile,1.0,0.0,GRC,0.0,0,0,0,0,1,0,1,0,0,0,0,0,0,0,0,1,0,0,0
226L8YphHWumdMoPh,1624884070_3246094837878028.0,3246094837878030.0,5,0,1,0,1,Male,Gender,Gender,Male,Female,1.0,3,0,1,Mobile,0.0,1.0,GRC,0.0,0,0,0,1,0,1,0,0,0,0,0,0,0,0,0,0,1,0,0
226MXoKDuEBR8rYLe,1352377080_3212608480442438.0,3212608480442440.0,9,1,0,1,0,Young,Age,Age,Young,Old,0.0,2,0,1,Desktop,1.0,1.0,USA,1.0,0,0,0,0,0,1,0,0,0,0,0,0,0,0,0,0,0,0,0
226MXoKDuEBR8rYLe,1352377080_3212608480442438.0,3212608480442440.0,9,0,0,0,1,Old,Age,Age,Young,Old,0.0,2,0,0,Desktop,1.0,0.0,USA,1.0,0,0,0,1,0,0,0,0,0,0,0,0,0,0,0,0,0,0,0
226N6d5pw2TB6QFod,-485424208_796914966641200.0,796914966641200.0,10,0,0,0,1,Rand,Fitness,Random,,,,3,0,1,Desktop,1.0,0.0,AUS,0.0,0,0,0,0,0,0,0,0,0,0,0,0,0,2,1,0,0,0,0
226N6d5pw2TB6QFod,-485424208_796914966641200.0,796914966641200.0,10,1,0,1,0,Rand,Fitness,Random,,,,3,0,0,Desktop,1.0,1.0,AUS,1.0,2,0,0,0,0,0,0,0,0,0,0,0,0,0,0,0,0,0,0
226Sff9s5N9C2ZT4o,1457075332_490401772091078.0,490401772091078.0,10,1,0,0,0,Fat,Fitness,Fitness,Fit,Fat,1.0,5,0,1,Desktop,0.0,1.0,ITA,2.0,2,0,0,0,0,0,0,0,1,0,0,0,0,0,0,0,0,0,0
226Sff9s5N9C2ZT4o,1457075332_490401772091078.0,490401772091078.0,10,0,0,1,0,Fit,Fitness,Fitness,Fit,Fat,1.0,5,0,0,Desktop,0.0,0.0,ITA,0.0,0,0,0,0,0,0,0,0,0,0,0,0,0,3,2,0,0,0,0
226TjoAtF4ytj2He9,-1721392079_2885401790910591.0,2885401790910590.0,2,0,1,0,2,Hoomans,Species,Species,Hoomans,Pets,1.0,5,0,1,Desktop,1.0,0.0,DEU,0.0,0,1,0,0,1,0,0,0,0,0,0,0,0,0,1,1,1,0,0
226TjoAtF4ytj2He9,-1721392079_2885401790910591.0,2885401790910590.0,2,1,1,0,1,Pets,Species,Species,Hoomans,Pets,1.0,5,0,0,Desktop,1.0,1.0,DEU,0.0,0,0,0,0,0,0,0,0,0,0,0,0,0,0,0,0,0,2,3
226WoE3Wfx5Q7CpyZ,-1393675300_131579511798918.0,131579511798918.0,2,1,0,1,0,Male,Gender,Gender,Male,Female,0.0,1,0,0,Mobile,0.0,1.0,JPN,0.0,0,0,0,0,0,0,0,0,0,0,0,0,0,0,1,0,0,0,0
226WoE3Wfx5Q7CpyZ,-1393675300_131579511798918.0,131579511798918.0,2,0,0,0,0,Female,Gender,Gender,Male,Female,0.0,1,0,1,Mobile,0.0,0.0,JPN,0.0,0,0,0,0,0,0,0,0,0,0,0,0,0,1,0,0,0,0,0
226YQJZkTSjq3fzWj,-927336277_5670084055512894.0,5670084055512900.0,11,1,1,0,0,Male,Gender,Gender,Male,Female,0.0,3,0,0,Desktop,0.0,1.0,FRA,1.0,0,0,0,0,0,0,0,0,0,1,0,0,0,0,1,0,0,0,0
226YQJZkTSjq3fzWj,-927336277_5670084055512894.0,5670084055512900.0,11,0,1,0,0,Female,Gender,Gender,Male,Female,0.0,3,0,1,Desktop,0.0,0.0,FRA,0.0,1,0,0,0,0,0,0,0,1,0,0,0,0,1,0,0,0,0,0
226YXSZ7QzYkNEXr2,-1993380946_4315651246701308.0,4315651246701310.5,1,1,0,0,0,Female,Gender,Gender,Male,Female,1.0,1,0,1,Desktop,0.0,0.0,USA,0.0,0,0,0,0,1,0,0,0,0,0,0,0,0,0,0,0,0,0,0
226YXSZ7QzYkNEXr2,-1993380946_4315651246701308.0,4315651246701310.5,1,0,0,1,0,Male,Gender,Gender,Male,Female,1.0,1,0,0,Desktop,0.0,1.0,USA,0.0,0,0,0,1,0,0,0,0,0,0,0,0,0,0,0,0,0,0,0
226YrtboX2PNnPMMG,1554503198_8959594834828237.0,8959594834828240.0,6,0,0,0,1,Old,Age,Age,Young,Old,0.0,3,0,0,Mobile,0.0,1.0,BRA,1.0,0,0,0,1,1,0,0,0,0,0,0,0,0,0,0,0,0,0,0
226YrtboX2PNnPMMG,1554503198_8959594834828237.0,8959594834828240.0,6,1,0,1,0,Young,Age,Age,Young,Old,0.0,3,0,1,Mobile,0.0,0.0,BRA,0.0,1,0,0,0,0,2,0,0,0,0,0,0,0,0,0,0,0,0,0
226Zu74tTeCAEkAbk,-2008625429_5134105943601253.0,5134105943601250.0,1,1,1,0,2,More,Utilitarian,Utilitarian,More,Less,0.0,5,3,0,Mobile,1.0,0.0,USA,0.0,0,0,1,0,2,0,0,0,0,0,1,0,0,1,0,0,0,0,0
226Zu74tTeCAEkAbk,-2008625429_5134105943601253.0,5134105943601250.0,1,0,1,0,1,Less,Utilitarian,Utilitarian,More,Less,0.0,2,3,1,Mobile,1.0,1.0,USA,0.0,0,0,1,0,1,0,0,0,0,0,0,0,0,0,0,0,0,0,0
226d2Mnmf63nqfc4z,-361604336_1663893184632993.0,1663893184632990.0,1,0,0,0,2,Rand,Random,Random,,,,3,0,0,Mobile,0.0,1.0,ESP,0.0,0,0,0,0,0,1,0,0,0,1,1,0,0,0,0,0,0,0,0
226d2Mnmf63nqfc4z,-361604336_1663893184632993.0,1663893184632990.0,1,1,0,1,0,Rand,Random,Random,,,,3,0,1,Mobile,0.0,0.0,ESP,0.0,0,0,0,0,0,1,0,0,0,0,0,1,0,0,0,0,1,0,0
226dojLSJm4aoQYJC,-1757823119_3916889702377111.0,3916889702377110.5,7,1,0,0,2,More,Utilitarian,Utilitarian,More,Less,0.0,5,4,1,Desktop,0.0,0.0,ARE,0.0,0,0,1,0,2,0,0,1,1,0,0,0,0,0,0,0,0,0,0
226dojLSJm4aoQYJC,-1757823119_3916889702377111.0,3916889702377110.5,7,0,0,1,0,Less,Utilitarian,Utilitarian,More,Less,0.0,1,4,0,Desktop,0.0,1.0,ARE,0.0,0,0,0,0,1,0,0,0,0,0,0,0,0,0,0,0,0,0,0
226dtYDwsxwepPa7M,673431380_922450694428678.0,922450694428678.0,1,1,1,0,1,Male,Gender,Gender,Male,Female,0.0,1,0,1,Mobile,0.0,0.0,USA,0.0,0,0,0,0,0,0,0,0,0,0,0,0,0,0,0,0,1,0,0
226dtYDwsxwepPa7M,673431380_922450694428678.0,922450694428678.0,1,0,1,0,2,Female,Gender,Gender,Male,Female,0.0,1,0,0,Mobile,0.0,1.0,USA,0.0,0,0,0,0,0,0,0,0,0,0,0,0,0,0,0,1,0,0,0
226fKtJvTQaJkuYNw,966238289_3425325763228568.0,3425325763228570.0,3,1,0,1,0,Fit,Fitness,Fitness,Fit,Fat,0.0,3,0,1,Desktop,1.0,0.0,ISR,0.0,1,0,0,0,0,0,0,0,0,0,0,0,0,2,0,0,0,0,0
226fKtJvTQaJkuYNw,966238289_3425325763228568.0,3425325763228570.0,3,0,0,0,2,Fat,Fitness,Fitness,Fit,Fat,0.0,3,0,0,Desktop,1.0,1.0,ISR,0.0,1,0,0,0,0,0,0,0,2,0,0,0,0,0,0,0,0,0,0
226gnMpwLryCBQKQb,1778004688_4790648725616810.0,4790648725616810.0,9,0,1,0,2,Old,Age,Age,Young,Old,0.0,3,0,0,Desktop,0.0,1.0,USA,0.0,0,0,0,2,1,0,0,0,0,0,0,0,0,0,0,0,0,0,0
226gnMpwLryCBQKQb,1778004688_4790648725616810.0,4790648725616810.0,9,1,1,0,1,Young,Age,Age,Young,Old,0.0,3,0,1,Desktop,0.0,0.0,USA,1.0,1,0,0,0,0,1,0,0,0,0,0,0,0,0,0,0,0,0,0
226iL5vJtnuMnsCbN,-1735553651_4673764073587041.0,4673764073587040.0,11,0,0,1,0,Rand,Random,Random,,,,3,2,1,Desktop,1.0,1.0,USA,0.0,0,0,0,0,1,0,1,0,0,0,0,0,0,1,0,0,0,0,0
226iL5vJtnuMnsCbN,-1735553651_4673764073587041.0,4673764073587040.0,11,1,0,0,1,Rand,Random,Random,,,,5,2,0,Desktop,1.0,0.0,USA,0.0,0,0,0,0,0,1,1,0,0,0,1,0,0,0,0,0,0,1,1
226id5c4hWPrdPHnZ,-943672578_5564924045465887.0,5564924045465890.0,5,1,0,1,0,Low,Social Status,Social Status,High,Low,1.0,3,0,0,Desktop,0.0,0.0,PSE,1.0,1,0,0,0,0,0,0,1,0,0,0,0,0,0,0,0,0,0,0
226ivJyjfFAoFSsCy,826209297_4437219188047065.0,4437219188047070.5,12,0,1,0,0,High,Social Status,Social Status,High,Low,1.0,2,0,1,Mobile,0.0,1.0,ITA,1.0,1,0,0,0,0,0,0,0,0,0,0,0,0,0,0,0,0,0,0
226ivwCQPwckdRHYi,-663347309_8382595739550947.0,8382595739550950.0,3,1,0,1,0,Fat,Fitness,Fitness,Fit,Fat,1.0,4,0,1,Desktop,1.0,0.0,RUS,0.0,0,0,0,0,0,0,0,0,4,0,0,0,0,0,0,0,0,0,0
226ivwCQPwckdRHYi,-663347309_8382595739550947.0,8382595739550950.0,3,0,0,0,1,Fit,Fitness,Fitness,Fit,Fat,1.0,4,0,0,Desktop,1.0,1.0,RUS,0.0,0,0,0,0,0,0,0,0,0,0,0,0,0,4,0,0,0,0,0
226kiBJvFSuHDKWLy,1248877841_6204751320183277.0,6204751320183280.0,12,0,0,0,1,Rand,Random,Random,,,,5,2,1,Desktop,1.0,1.0,GBR,0.0,0,0,0,0,1,0,0,1,1,0,1,1,0,0,0,0,0,0,0
226kiBJvFSuHDKWLy,1248877841_6204751320183277.0,6204751320183280.0,12,1,0,1,0,Rand,Random,Random,,,,3,2,0,Desktop,1.0,0.0,GBR,0.0,0,0,0,0,0,0,1,0,0,0,0,0,0,0,1,0,0,1,0
226npXyamMLAXKTrn,-1486028128_9341386428770704.0,9341386428770700.0,7,0,1,0,0,Fit,Fitness,Fitness,Fit,Fat,1.0,3,0,1,Desktop,1.0,0.0,HUN,0.0,1,0,0,0,0,0,0,0,0,0,0,0,0,1,1,0,0,0,0
226npXyamMLAXKTrn,-1486028128_9341386428770704.0,9341386428770700.0,7,1,1,0,0,Fat,Fitness,Fitness,Fit,Fat,1.0,3,0,0,Desktop,1.0,1.0,HUN,0.0,1,0,0,0,0,0,0,0,1,1,0,0,0,0,0,0,0,0,0
226sbxJozteS7vZvZ,-696840859_9838345385011050.0,9838345385011050.0,9,0,0,0,2,Less,Utilitarian,Utilitarian,More,Less,0.0,3,2,0,Desktop,1.0,1.0,USA,0.0,0,0,0,0,0,0,2,0,0,0,0,0,1,0,0,0,0,0,0
226sbxJozteS7vZvZ,-696840859_9838345385011050.0,9838345385011050.0,9,1,0,1,0,More,Utilitarian,Utilitarian,More,Less,0.0,5,2,1,Desktop,1.0,0.0,USA,0.0,0,0,0,0,0,1,2,0,0,0,0,1,1,0,0,0,0,0,0
226vdsGpBB67ePn52,113188171_3468818967988243.0,3468818967988240.0,5,0,0,0,1,Rand,Random,Random,,,,2,1,0,Desktop,0.0,1.0,FRA,0.0,0,0,0,0,0,0,0,1,0,0,0,0,0,0,0,1,0,0,0
226vdsGpBB67ePn52,113188171_3468818967988243.0,3468818967988240.0,5,1,0,1,0,Rand,Random,Random,,,,3,1,1,Desktop,0.0,0.0,FRA,0.0,0,0,0,0,0,0,1,0,0,1,0,0,1,0,0,0,0,0,0
226vpCikvr7gyLaG6,-294481095_7180386030756354.0,7180386030756350.0,11,0,1,0,0,Old,Age,Age,Young,Old,0.0,5,0,0,Desktop,0.0,0.0,USA,1.0,1,0,0,3,0,0,0,0,0,0,0,0,0,0,0,0,0,0,0
226vpCikvr7gyLaG6,-294481095_7180386030756354.0,7180386030756350.0,11,1,1,0,0,Young,Age,Age,Young,Old,0.0,5,0,1,Desktop,0.0,1.0,USA,2.0,0,0,0,0,0,2,1,0,0,0,0,0,0,0,0,0,0,0,0
22723wtNPY2NWmeKA,-1741352941_6576296187948960.0,6576296187948960.0,3,0,0,1,0,Old,Age,Age,Young,Old,0.0,2,0,0,Desktop,0.0,0.0,USA,0.0,1,0,0,1,0,0,0,0,0,0,0,0,0,0,0,0,0,0,0
22723wtNPY2NWmeKA,-1741352941_6576296187948960.0,6576296187948960.0,3,1,0,0,0,Young,Age,Age,Young,Old,0.0,2,0,1,Desktop,0.0,1.0,USA,0.0,0,0,0,0,0,1,1,0,0,0,0,0,0,0,0,0,0,0,0
22727Spusxc5rW4cs,-1243161735_1593318761715967.0,1593318761715970.0,6,1,0,0,0,Less,Utilitarian,Utilitarian,More,Less,1.0,4,1,0,Desktop,1.0,0.0,BEL,0.0,0,2,0,0,0,0,1,1,0,0,0,0,0,0,0,0,0,0,0
22727Spusxc5rW4cs,-1243161735_1593318761715967.0,1593318761715970.0,6,0,0,1,0,More,Utilitarian,Utilitarian,More,Less,1.0,5,1,1,Desktop,1.0,1.0,BEL,0.0,0,2,0,0,0,0,2,1,0,0,0,0,0,0,0,0,0,0,0
2272fBXi7BxzmioWh,677705294_2487001802777007.0,2487001802777010.0,10,0,1,0,1,High,Social Status,Social Status,High,Low,1.0,1,0,1,Desktop,1.0,1.0,USA,0.0,0,0,0,0,0,0,0,0,0,0,0,1,0,0,0,0,0,0,0
22732mwur9upCJSmy,-398655609_6444213241243442.0,6444213241243440.0,8,0,1,0,2,Female,Gender,Gender,Male,Female,0.0,5,0,1,Desktop,1.0,1.0,GBR,0.0,1,0,0,0,0,0,2,0,0,0,0,0,0,2,0,0,0,0,0
22732mwur9upCJSmy,-398655609_6444213241243442.0,6444213241243440.0,8,1,1,0,1,Male,Gender,Gender,Male,Female,0.0,5,0,0,Desktop,1.0,0.0,GBR,1.0,0,0,0,0,0,2,0,0,0,0,0,0,0,0,2,0,0,0,0
2275CE8bFNCgn24Gp,1555172090_1538553382617096.0,1538553382617100.0,7,1,1,0,0,More,Utilitarian,Utilitarian,More,Less,0.0,5,1,1,Desktop,0.0,1.0,BRA,0.0,0,0,0,0,0,0,0,0,0,0,1,0,1,0,0,2,1,0,0
2275CE8bFNCgn24Gp,1555172090_1538553382617096.0,1538553382617100.0,7,0,1,0,0,Less,Utilitarian,Utilitarian,More,Less,0.0,4,1,0,Desktop,0.0,0.0,BRA,0.0,0,0,0,0,0,0,0,0,0,0,1,0,1,0,0,1,1,0,0
2275REB4D6LFSKzgm,1879831806_5762359742409415.0,5762359742409420.0,13,0,1,0,1,Young,Age,Age,Young,Old,1.0,5,0,1,Mobile,0.0,1.0,DEU,1.0,1,0,0,0,0,3,0,0,0,0,0,0,0,0,0,0,0,0,0
2275REB4D6LFSKzgm,1879831806_5762359742409415.0,5762359742409420.0,13,1,1,0,2,Old,Age,Age,Young,Old,1.0,5,0,0,Mobile,0.0,0.0,DEU,2.0,0,0,0,2,1,0,0,0,0,0,0,0,0,0,0,0,0,0,0
2276BDp2i2jtk7pqy,1689329434_2594692608301352.0,2594692608301350.0,5,0,0,0,2,Hoomans,Species,Species,Hoomans,Pets,1.0,4,0,1,Desktop,1.0,0.0,HUN,0.0,0,0,0,0,0,0,1,0,0,2,0,0,0,0,1,0,0,0,0
2276BDp2i2jtk7pqy,1689329434_2594692608301352.0,2594692608301350.0,5,1,0,1,0,Pets,Species,Species,Hoomans,Pets,1.0,4,0,0,Desktop,1.0,1.0,HUN,0.0,0,0,0,0,0,0,0,0,0,0,0,0,0,0,0,0,0,2,2
2277hcaM3YSib2PD5,-1886063621_3465372348873088.0,3465372348873090.0,4,0,0,0,0,Fit,Fitness,Fitness,Fit,Fat,1.0,1,0,0,Desktop,0.0,0.0,USA,1.0,0,0,0,0,0,0,0,0,0,0,0,0,0,0,0,0,0,0,0
2277hcaM3YSib2PD5,-1886063621_3465372348873088.0,3465372348873090.0,4,1,0,1,0,Fat,Fitness,Fitness,Fit,Fat,1.0,1,0,1,Desktop,0.0,1.0,USA,0.0,0,0,0,0,0,0,0,0,0,1,0,0,0,0,0,0,0,0,0
227AnsYaqbG5MXMGi,-873303726_9463919888940354.0,9463919888940350.0,5,0,0,1,0,Old,Age,Age,Young,Old,0.0,4,0,0,Mobile,0.0,0.0,HUN,2.0,1,0,0,0,1,0,0,0,0,0,0,0,0,0,0,0,0,0,0
227AnsYaqbG5MXMGi,-873303726_9463919888940354.0,9463919888940350.0,5,1,0,0,0,Young,Age,Age,Young,Old,0.0,4,0,1,Mobile,0.0,1.0,HUN,0.0,1,0,0,0,0,2,1,0,0,0,0,0,0,0,0,0,0,0,0
227CfLWCGZ3Jo4wPC,384499481_9857018570418202.0,9857018570418200.0,6,0,0,0,2,Rand,Random,Random,,,,5,3,1,Mobile,0.0,0.0,USA,0.0,0,1,1,0,0,0,0,1,0,0,0,0,0,0,0,0,0,1,1
227CfLWCGZ3Jo4wPC,384499481_9857018570418202.0,9857018570418200.0,6,1,0,1,0,Rand,Random,Random,,,,2,3,0,Mobile,0.0,1.0,USA,0.0,1,0,0,0,0,0,0,0,0,0,0,0,0,0,0,0,1,0,0
227FCS83ZsLAhQTSE,503539608_2315668106863786.0,2315668106863790.0,2,1,0,1,0,More,Utilitarian,Utilitarian,More,Less,0.0,5,1,1,Desktop,1.0,0.0,FRA,0.0,0,0,0,1,0,0,1,0,0,0,1,0,0,0,0,0,1,1,0
227FCS83ZsLAhQTSE,503539608_2315668106863786.0,2315668106863790.0,2,0,0,0,0,Less,Utilitarian,Utilitarian,More,Less,0.0,4,1,0,Desktop,1.0,1.0,FRA,0.0,0,0,0,1,0,0,1,0,0,0,1,0,0,0,0,0,1,0,0
227G8JzAaQxZhgZAP,-1495088599_7762449616594842.0,7762449616594840.0,13,1,1,0,0,Rand,Fitness,Random,,,,1,0,0,Mobile,1.0,0.0,ITA,1.0,0,0,0,0,0,0,0,0,0,0,0,0,0,0,0,0,0,0,0
227G8JzAaQxZhgZAP,-1495088599_7762449616594842.0,7762449616594840.0,13,0,1,0,0,Rand,Fitness,Random,,,,1,0,1,Mobile,1.0,1.0,ITA,0.0,0,0,0,0,0,0,0,0,0,0,0,0,0,0,1,0,0,0,0
227J8KQa7a53boTkL,-1980812278_5842184747352912.0,5842184747352910.0,8,1,0,1,0,More,Utilitarian,Utilitarian,More,Less,0.0,5,4,1,Mobile,0.0,1.0,AUT,1.0,0,0,0,0,0,0,0,0,1,0,0,0,2,0,0,0,1,0,0
227J8KQa7a53boTkL,-1980812278_5842184747352912.0,5842184747352910.0,8,0,0,0,2,Less,Utilitarian,Utilitarian,More,Less,0.0,1,4,0,Mobile,0.0,0.0,AUT,0.0,0,0,0,0,0,0,0,0,0,0,0,0,0,0,0,0,1,0,0
227PbLfx5Pth9MY6n,-1814253724_5525469305289402.0,5525469305289400.0,7,0,0,1,0,Male,Gender,Gender,Male,Female,1.0,5,0,1,Desktop,0.0,0.0,DEU,0.0,0,0,0,1,0,1,0,0,0,1,0,1,0,0,1,0,0,0,0
227PbLfx5Pth9MY6n,-1814253724_5525469305289402.0,5525469305289400.0,7,1,0,0,0,Female,Gender,Gender,Male,Female,1.0,5,0,0,Desktop,0.0,1.0,DEU,0.0,0,0,0,0,1,0,1,0,1,0,0,0,1,1,0,0,0,0,0
227T4nbxdn4AM9NSF,-794070569_9759156485088170.0,9759156485088170.0,6,1,0,1,0,Female,Gender,Gender,Male,Female,1.0,2,0,0,Desktop,0.0,1.0,USA,0.0,1,0,0,0,0,0,0,0,0,0,0,0,0,0,0,1,0,0,0
227T4nbxdn4AM9NSF,-794070569_9759156485088170.0,9759156485088170.0,6,0,0,0,1,Male,Gender,Gender,Male,Female,1.0,2,0,1,Desktop,0.0,0.0,USA,1.0,0,0,0,0,0,0,0,0,0,0,0,0,0,0,0,0,1,0,0
227ayYdcYiotPg5N4,747767947_3958208457354917.0,3958208457354920.0,7,0,0,1,0,More,Utilitarian,Utilitarian,More,Less,1.0,5,1,0,Desktop,0.0,0.0,CZE,0.0,0,1,1,1,0,0,0,0,0,0,0,0,0,1,0,0,0,1,0
227ayYdcYiotPg5N4,747767947_3958208457354917.0,3958208457354920.0,7,1,0,0,2,Less,Utilitarian,Utilitarian,More,Less,1.0,4,1,1,Desktop,0.0,1.0,CZE,0.0,0,1,1,1,0,0,0,0,0,0,0,0,0,1,0,0,0,0,0
227b9JSigg6wj3KWx,1250349831_8136072237150930.0,8136072237150930.0,11,1,1,0,2,Female,Gender,Gender,Male,Female,1.0,1,0,1,Mobile,0.0,1.0,DEU,0.0,0,0,0,0,0,0,0,0,1,0,0,0,0,0,0,0,0,0,0
227b9JSigg6wj3KWx,1250349831_8136072237150930.0,8136072237150930.0,11,0,1,0,1,Male,Gender,Gender,Male,Female,1.0,1,0,0,Mobile,0.0,0.0,DEU,0.0,0,0,0,0,0,0,0,0,0,1,0,0,0,0,0,0,0,0,0
227gFCEJPXkvtMJ9t,-133510099_3765416827524337.0,3765416827524340.0,5,0,1,0,0,Hoomans,Species,Species,Hoomans,Pets,1.0,4,0,1,Desktop,1.0,1.0,JPN,0.0,0,0,0,0,0,0,2,0,0,1,0,0,0,0,1,0,0,0,0
227gFCEJPXkvtMJ9t,-133510099_3765416827524337.0,3765416827524340.0,5,1,1,0,0,Pets,Species,Species,Hoomans,Pets,1.0,4,0,0,Desktop,1.0,0.0,JPN,0.0,0,0,0,0,0,0,0,0,0,0,0,0,0,0,0,0,0,3,1
227iRr23weyXRqJDA,-137402613_8350765778230824.0,8350765778230830.0,12,0,0,1,0,Pets,Species,Species,Hoomans,Pets,0.0,4,0,0,Desktop,0.0,0.0,ARE,0.0,0,0,0,0,0,0,0,0,0,0,0,0,0,0,0,0,0,3,1
227iRr23weyXRqJDA,-137402613_8350765778230824.0,8350765778230830.0,12,1,0,0,1,Hoomans,Species,Species,Hoomans,Pets,0.0,4,0,1,Desktop,0.0,1.0,ARE,0.0,0,0,0,0,0,1,0,0,1,0,1,0,0,0,0,0,1,0,0
227kg5Fd6NmsXK2x5,-780825640_7530219614510301.0,7530219614510301.0,12,1,0,1,0,Rand,Age,Random,,,,1,0,0,Mobile,0.0,1.0,DEU,0.0,1,0,0,0,0,0,0,0,0,0,0,0,0,0,0,0,0,0,0
227kg5Fd6NmsXK2x5,-780825640_7530219614510301.0,7530219614510301.0,12,0,0,0,0,Rand,Age,Random,,,,1,0,1,Mobile,0.0,0.0,DEU,0.0,0,0,0,0,0,0,1,0,0,0,0,0,0,0,0,0,0,0,0
227kmZXb95SJnRDfj,-1818358361_2552143138323155.0,2552143138323160.0,8,1,1,0,0,More,Utilitarian,Utilitarian,More,Less,0.0,5,4,1,Desktop,1.0,1.0,CAN,0.0,0,0,0,0,1,1,0,0,1,0,0,0,0,1,0,0,0,0,1
227kmZXb95SJnRDfj,-1818358361_2552143138323155.0,2552143138323160.0,8,0,1,0,0,Less,Utilitarian,Utilitarian,More,Less,0.0,1,4,0,Desktop,1.0,0.0,CAN,0.0,0,0,0,0,0,0,0,0,0,0,0,0,0,0,0,0,0,0,1
227m8nMFzS5A6ZWiT,-1923331389_4582611242707368.0,4582611242707370.0,3,0,0,1,0,Hoomans,Species,Species,Hoomans,Pets,1.0,4,0,1,Desktop,0.0,0.0,GBR,0.0,0,0,1,1,0,0,0,0,0,0,0,1,1,0,0,0,0,0,0
227m8nMFzS5A6ZWiT,-1923331389_4582611242707368.0,4582611242707370.0,3,1,0,0,1,Pets,Species,Species,Hoomans,Pets,1.0,4,0,0,Desktop,0.0,1.0,GBR,0.0,0,0,0,0,0,0,0,0,0,0,0,0,0,0,0,0,0,2,2
227nuJE7Q67ZkCfff,782343642_8054150969173930.0,8054150969173930.0,2,0,0,0,1,Low,Social Status,Social Status,High,Low,0.0,3,0,0,Desktop,1.0,0.0,BRA,1.0,1,0,0,0,0,0,0,1,0,0,0,0,0,0,0,0,0,0,0
227nuJE7Q67ZkCfff,782343642_8054150969173930.0,8054150969173930.0,2,1,0,1,0,High,Social Status,Social Status,High,Low,0.0,3,0,1,Desktop,1.0,1.0,BRA,0.0,1,0,0,0,0,0,0,0,0,0,0,1,1,0,0,0,0,0,0
227r7kn7ZbJEdvZk5,425617128_6402041742852664.0,6402041742852660.0,12,0,1,0,0,Pets,Species,Species,Hoomans,Pets,0.0,3,0,1,Desktop,1.0,0.0,SGP,0.0,0,0,0,0,0,0,0,0,0,0,0,0,0,0,0,0,0,1,2
227r7kn7ZbJEdvZk5,425617128_6402041742852664.0,6402041742852660.0,12,1,1,0,0,Hoomans,Species,Species,Hoomans,Pets,0.0,3,0,0,Desktop,1.0,1.0,SGP,0.0,0,0,0,0,0,1,0,0,1,1,0,0,0,0,0,0,0,0,0
227uJQJQMf65m3n6n,-982772268_7283597765592149.0,7283597765592150.0,12,1,1,0,1,Fit,Fitness,Fitness,Fit,Fat,0.0,3,0,1,Mobile,0.0,1.0,IRN,0.0,0,0,0,0,0,0,0,0,0,0,0,0,0,1,2,0,0,0,0
227uJQJQMf65m3n6n,-982772268_7283597765592149.0,7283597765592150.0,12,0,1,0,2,Fat,Fitness,Fitness,Fit,Fat,0.0,3,0,0,Mobile,0.0,0.0,IRN,1.0,1,0,0,0,0,0,0,0,0,1,0,0,0,0,0,0,0,0,0
227uaQggQTMYkFBxf,-1149334148_4455964266897504.0,4455964266897500.0,12,0,0,0,2,Old,Age,Age,Young,Old,0.0,5,0,0,Mobile,0.0,0.0,USA,0.0,0,0,0,4,1,0,0,0,0,0,0,0,0,0,0,0,0,0,0
227uaQggQTMYkFBxf,-1149334148_4455964266897504.0,4455964266897500.0,12,1,0,1,0,Young,Age,Age,Young,Old,0.0,5,0,1,Mobile,0.0,1.0,USA,4.0,0,0,0,0,0,0,1,0,0,0,0,0,0,0,0,0,0,0,0
227vKdwEfKcJQHAte,-1063698334_4002123000630762.0,4002123000630760.0,3,0,0,0,2,Young,Age,Age,Young,Old,1.0,4,0,0,Mobile,0.0,1.0,IND,0.0,3,0,0,0,0,0,1,0,0,0,0,0,0,0,0,0,0,0,0
227vKdwEfKcJQHAte,-1063698334_4002123000630762.0,4002123000630760.0,3,1,0,1,0,Old,Age,Age,Young,Old,1.0,4,0,1,Mobile,0.0,0.0,IND,0.0,0,0,0,0,4,0,0,0,0,0,0,0,0,0,0,0,0,0,0
227x7wXGxpEPbsXNo,-1437568710_2521317371203415.0,2521317371203420.0,13,0,1,0,0,Young,Age,Age,Young,Old,1.0,2,0,0,Mobile,0.0,1.0,DEU,0.0,1,0,0,0,0,0,1,0,0,0,0,0,0,0,0,0,0,0,0
227x7wXGxpEPbsXNo,-1437568710_2521317371203415.0,2521317371203420.0,13,1,1,0,0,Old,Age,Age,Young,Old,1.0,2,0,1,Mobile,0.0,0.0,DEU,0.0,0,0,0,0,2,0,0,0,0,0,0,0,0,0,0,0,0,0,0
227yWvQLBpc7LdiYb,1518256383_3285695675779595.0,3285695675779600.0,11,0,0,0,0,More,Utilitarian,Utilitarian,More,Less,1.0,5,1,1,Desktop,1.0,1.0,USA,0.0,0,0,0,0,1,1,0,0,0,1,0,0,0,0,0,0,0,1,1
227yWvQLBpc7LdiYb,1518256383_3285695675779595.0,3285695675779600.0,11,1,0,1,0,Less,Utilitarian,Utilitarian,More,Less,1.0,4,1,0,Desktop,1.0,0.0,USA,0.0,0,0,0,0,0,1,0,0,0,1,0,0,0,0,0,0,0,1,1
2283SuyeQiW7Wnb5f,1013142201_6936179631412893.0,6936179631412890.0,7,0,1,0,0,Male,Gender,Gender,Male,Female,1.0,2,0,0,Desktop,0.0,1.0,USA,0.0,0,0,0,1,0,0,0,0,0,0,0,1,0,0,0,0,0,0,0
2283SuyeQiW7Wnb5f,1013142201_6936179631412893.0,6936179631412890.0,7,1,1,0,0,Female,Gender,Gender,Male,Female,1.0,2,0,1,Desktop,0.0,0.0,USA,0.0,0,0,0,0,1,0,0,0,0,0,0,0,1,0,0,0,0,0,0
2284BiXEWD4A792yN,-1672622083_2698113733532294.0,2698113733532290.0,4,0,1,0,0,Rand,Social Status,Random,,,,1,0,0,Desktop,1.0,0.0,USA,0.0,0,0,0,0,0,0,0,0,0,0,0,0,1,0,0,0,0,0,0
2284BiXEWD4A792yN,-1672622083_2698113733532294.0,2698113733532290.0,4,1,1,0,0,Rand,Social Status,Random,,,,1,0,1,Desktop,1.0,1.0,USA,0.0,1,0,0,0,0,0,0,0,0,0,0,0,0,0,0,0,0,0,0
2289okSZKQ6PXH3iL,579690810_331595228388075.0,331595228388075.0,12,0,0,1,0,Old,Age,Age,Young,Old,0.0,5,0,1,Desktop,1.0,1.0,CZE,1.0,0,0,0,2,2,0,0,0,0,0,0,0,0,0,0,0,0,0,0
2289okSZKQ6PXH3iL,579690810_331595228388075.0,331595228388075.0,12,1,0,0,2,Young,Age,Age,Young,Old,0.0,5,0,0,Desktop,1.0,0.0,CZE,1.0,2,0,0,0,0,2,0,0,0,0,0,0,0,0,0,0,0,0,0
228BxCStqy6kWTakn,1774882363_7184263990155217.0,7184263990155220.0,2,1,1,0,2,Fit,Fitness,Fitness,Fit,Fat,0.0,4,0,0,Mobile,0.0,0.0,TUR,0.0,0,0,0,0,0,0,0,0,0,0,0,0,0,1,3,0,0,0,0
228BxCStqy6kWTakn,1774882363_7184263990155217.0,7184263990155220.0,2,0,1,0,1,Fat,Fitness,Fitness,Fit,Fat,0.0,4,0,1,Mobile,0.0,1.0,TUR,3.0,1,0,0,0,0,0,0,0,0,0,0,0,0,0,0,0,0,0,0
228D6CgpXtP7dQoMC,-1920327284_4682722512088362.0,4682722512088360.0,8,0,0,1,0,High,Social Status,Social Status,High,Low,1.0,4,0,0,Desktop,1.0,0.0,USA,0.0,2,0,0,0,0,0,0,0,0,0,0,1,1,0,0,0,0,0,0
228EnFNDxEKsDmWKb,2048122618_2478984868398439.0,2478984868398440.0,1,0,1,0,2,Hoomans,Species,Species,Hoomans,Pets,1.0,5,0,0,Mobile,0.0,1.0,AUT,0.0,0,0,0,0,1,0,0,0,0,0,2,1,1,0,0,0,0,0,0
228EnFNDxEKsDmWKb,2048122618_2478984868398439.0,2478984868398440.0,1,1,1,0,1,Pets,Species,Species,Hoomans,Pets,1.0,5,0,1,Mobile,0.0,0.0,AUT,0.0,0,0,0,0,0,0,0,0,0,0,0,0,0,0,0,0,0,2,3
228Fb3u2cQDf3qmEh,603818870_3787980808112364.0,3787980808112360.0,1,0,0,1,0,High,Social Status,Social Status,High,Low,1.0,2,0,1,Mobile,0.0,1.0,USA,2.0,0,0,0,0,0,0,0,0,0,0,0,0,0,0,0,0,0,0,0
228FbC9PADGrP3L75,-532168803_2696536515936032.0,2696536515936030.0,1,0,1,0,0,Low,Social Status,Social Status,High,Low,0.0,1,0,0,Desktop,1.0,1.0,GBR,1.0,0,0,0,0,0,0,0,0,0,0,0,0,0,0,0,0,0,0,0
228GkGjAPFzXEwwBB,-617054192_4611188237289376.0,4611188237289380.0,10,0,1,0,0,Male,Gender,Gender,Male,Female,1.0,1,0,1,Desktop,1.0,0.0,FRA,0.0,0,0,0,1,0,0,0,0,0,0,0,0,0,0,0,0,0,0,0
228GkGjAPFzXEwwBB,-617054192_4611188237289376.0,4611188237289380.0,10,1,1,0,0,Female,Gender,Gender,Male,Female,1.0,1,0,0,Desktop,1.0,1.0,FRA,0.0,0,0,0,0,1,0,0,0,0,0,0,0,0,0,0,0,0,0,0
228HqXBv4eukGgbSa,410369611_409276017006918.0,409276017006918.0,4,0,1,0,0,Pets,Species,Species,Hoomans,Pets,0.0,1,0,0,Desktop,0.0,1.0,USA,0.0,0,0,0,0,0,0,0,0,0,0,0,0,0,0,0,0,0,1,0
228HqXBv4eukGgbSa,410369611_409276017006918.0,409276017006918.0,4,1,1,0,0,Hoomans,Species,Species,Hoomans,Pets,0.0,1,0,1,Desktop,0.0,0.0,USA,0.0,0,0,0,0,0,0,0,0,0,0,0,0,1,0,0,0,0,0,0
228JsRnqzubYFgoSN,-886107123_6460837653290834.0,6460837653290830.0,8,1,0,1,0,Fat,Fitness,Fitness,Fit,Fat,1.0,5,0,1,Desktop,0.0,1.0,CAN,3.0,0,0,0,0,0,0,0,0,1,1,0,0,0,0,0,0,0,0,0
228JsRnqzubYFgoSN,-886107123_6460837653290834.0,6460837653290830.0,8,0,0,0,0,Fit,Fitness,Fitness,Fit,Fat,1.0,5,0,0,Desktop,0.0,0.0,CAN,1.0,0,0,0,0,0,0,0,0,0,0,0,0,0,1,3,0,0,0,0
228ND6zwmHzaqgkPG,-1322838242_7731304891164184.0,7731304891164190.0,2,1,1,0,1,Old,Age,Age,Young,Old,1.0,3,0,0,Mobile,0.0,0.0,UKR,0.0,0,0,0,1,2,0,0,0,0,0,0,0,0,0,0,0,0,0,0
228ND6zwmHzaqgkPG,-1322838242_7731304891164184.0,7731304891164190.0,2,0,1,0,2,Young,Age,Age,Young,Old,1.0,3,0,1,Mobile,0.0,1.0,UKR,1.0,1,0,0,0,0,0,1,0,0,0,0,0,0,0,0,0,0,0,0
228PDDszCys6Y9twN,-1185002226_8764153869055651.0,8764153869055650.0,8,0,1,0,2,Female,Gender,Gender,Male,Female,0.0,2,0,0,Desktop,0.0,0.0,ITA,0.0,1,0,0,0,0,0,0,0,0,0,0,0,0,1,0,0,0,0,0
228PDDszCys6Y9twN,-1185002226_8764153869055651.0,8764153869055650.0,8,1,1,0,1,Male,Gender,Gender,Male,Female,0.0,2,0,1,Desktop,0.0,1.0,ITA,1.0,0,0,0,0,0,0,0,0,0,0,0,0,0,0,1,0,0,0,0
228PLGxziJnJomipC,-566646533_671024759001037.0,671024759001037.0,12,0,0,1,0,Hoomans,Species,Species,Hoomans,Pets,1.0,3,0,1,Desktop,0.0,1.0,ZAF,0.0,0,0,0,0,1,0,0,1,0,0,0,0,0,0,1,0,0,0,0
228PLGxziJnJomipC,-566646533_671024759001037.0,671024759001037.0,12,1,0,0,2,Pets,Species,Species,Hoomans,Pets,1.0,3,0,0,Desktop,0.0,0.0,ZAF,0.0,0,0,0,0,0,0,0,0,0,0,0,0,0,0,0,0,0,1,2
228SGJFR4YkoCdYEY,1906847496_810853341899118.0,810853341899118.0,5,0,0,0,2,Rand,Random,Random,,,,1,0,0,Desktop,0.0,1.0,CAN,0.0,0,0,0,0,0,0,0,0,0,0,0,1,0,0,0,0,0,0,0
228SGJFR4YkoCdYEY,1906847496_810853341899118.0,810853341899118.0,5,1,0,1,0,Rand,Random,Random,,,,1,0,1,Desktop,0.0,0.0,CAN,0.0,0,0,0,0,0,0,0,0,0,0,0,0,0,0,0,1,0,0,0
228ZHCw4GmuEkrqcG,1718638655_625084241585351.0,625084241585351.0,4,0,0,1,0,Less,Utilitarian,Utilitarian,More,Less,0.0,4,1,1,Desktop,1.0,1.0,SRB,0.0,0,0,1,0,0,0,1,0,2,0,0,0,0,0,0,0,0,0,0
228ZHCw4GmuEkrqcG,1718638655_625084241585351.0,625084241585351.0,4,1,0,0,2,More,Utilitarian,Utilitarian,More,Less,0.0,5,1,0,Desktop,1.0,0.0,SRB,0.0,0,0,1,0,1,0,1,0,2,0,0,0,0,0,0,0,0,0,0
228Zisqg4zER6fx3D,1761255237_9329746648303122.0,9329746648303120.0,4,1,0,0,1,Fit,Fitness,Fitness,Fit,Fat,0.0,4,0,1,Desktop,1.0,0.0,JPN,2.0,0,0,0,0,0,0,0,0,0,0,0,0,0,1,1,0,0,0,0
228Zisqg4zER6fx3D,1761255237_9329746648303122.0,9329746648303120.0,4,0,0,1,0,Fat,Fitness,Fitness,Fit,Fat,0.0,4,0,0,Desktop,1.0,1.0,JPN,1.0,1,0,0,0,0,0,0,0,0,2,0,0,0,0,0,0,0,0,0
228aCBXn8WGTxxpv8,-1530520041_1694625249810980.0,1694625249810980.0,5,1,0,1,0,More,Utilitarian,Utilitarian,More,Less,0.0,5,2,0,Desktop,0.0,0.0,NLD,0.0,0,0,0,0,0,0,0,1,0,1,0,0,0,0,1,1,0,1,0
228aCBXn8WGTxxpv8,-1530520041_1694625249810980.0,1694625249810980.0,5,0,0,0,0,Less,Utilitarian,Utilitarian,More,Less,0.0,3,2,1,Desktop,0.0,1.0,NLD,0.0,0,0,0,0,0,0,0,0,0,1,0,0,0,0,1,1,0,0,0
228aEtsfBvzDXCZoG,-507584760_5505754729829866.0,5505754729829870.0,7,1,1,0,2,Young,Age,Age,Young,Old,0.0,4,0,1,Desktop,1.0,1.0,USA,0.0,1,0,0,0,0,0,3,0,0,0,0,0,0,0,0,0,0,0,0
228aEtsfBvzDXCZoG,-507584760_5505754729829866.0,5505754729829870.0,7,0,1,0,1,Old,Age,Age,Young,Old,0.0,4,0,0,Desktop,1.0,0.0,USA,0.0,2,0,0,0,2,0,0,0,0,0,0,0,0,0,0,0,0,0,0
228aMmTwkZX324yhQ,-10945982_2785849825774338.0,2785849825774340.0,2,0,0,0,0,Female,Gender,Gender,Male,Female,0.0,4,0,0,Mobile,0.0,0.0,JPN,0.0,0,0,0,0,1,0,1,0,0,0,0,0,1,1,0,0,0,0,0
228aMmTwkZX324yhQ,-10945982_2785849825774338.0,2785849825774340.0,2,1,0,1,0,Male,Gender,Gender,Male,Female,0.0,4,0,1,Mobile,0.0,1.0,JPN,0.0,0,0,0,1,0,1,0,0,0,0,0,1,0,0,1,0,0,0,0
228b2RFit9PHG9rKB,1903588473_5219690200386082.0,5219690200386080.0,1,0,1,0,2,Young,Age,Age,Young,Old,1.0,3,0,0,Desktop,0.0,1.0,CAN,1.0,0,0,0,0,0,1,1,0,0,0,0,0,0,0,0,0,0,0,0
228b2RFit9PHG9rKB,1903588473_5219690200386082.0,5219690200386080.0,1,1,1,0,1,Old,Age,Age,Young,Old,1.0,3,0,1,Desktop,0.0,0.0,CAN,1.0,1,0,0,1,0,0,0,0,0,0,0,0,0,0,0,0,0,0,0
228dJ4fR3cCAeeG2i,-260809096_1702967139426618.0,1702967139426620.0,8,0,1,0,0,More,Utilitarian,Utilitarian,More,Less,1.0,5,2,0,Desktop,0.0,0.0,BRA,0.0,0,0,0,0,0,0,0,0,0,0,0,0,0,1,1,0,0,2,1
228dJ4fR3cCAeeG2i,-260809096_1702967139426618.0,1702967139426620.0,8,1,1,0,0,Less,Utilitarian,Utilitarian,More,Less,1.0,3,2,1,Desktop,0.0,1.0,BRA,0.0,0,0,0,0,0,0,0,0,0,0,0,0,0,0,1,0,0,2,0
228ki8NGy2knH7LeR,-1748147450_3778360640864330.0,3778360640864329.5,8,0,0,1,0,More,Utilitarian,Utilitarian,More,Less,1.0,5,1,1,Desktop,0.0,0.0,DEU,0.0,0,0,0,0,0,0,0,0,0,1,0,0,2,1,0,0,1,0,0
228ki8NGy2knH7LeR,-1748147450_3778360640864330.0,3778360640864329.5,8,1,0,0,2,Less,Utilitarian,Utilitarian,More,Less,1.0,4,1,0,Desktop,1.0,1.0,DEU,0.0,0,0,0,0,0,0,0,0,0,1,0,0,1,1,0,0,1,0,0
228n6L5DnYZEiXxfk,1920669776_3187295058904513.0,3187295058904510.0,7,0,1,0,1,Less,Utilitarian,Utilitarian,More,Less,0.0,4,1,0,Mobile,0.0,1.0,JPN,1.0,0,0,0,0,0,0,0,0,1,0,0,0,1,1,0,0,0,0,0
228n6L5DnYZEiXxfk,1920669776_3187295058904513.0,3187295058904510.0,7,1,1,0,2,More,Utilitarian,Utilitarian,More,Less,0.0,5,1,1,Mobile,0.0,0.0,JPN,1.0,0,0,0,0,0,0,0,0,1,0,0,0,1,1,0,1,0,0,0
228oNrjkdxbdCkdDB,-1542404768_9265219196460304.0,9265219196460300.0,4,1,0,1,0,Male,Gender,Gender,Male,Female,0.0,1,0,0,Mobile,0.0,1.0,BRA,0.0,0,0,0,0,0,0,0,0,0,0,0,0,0,0,1,0,0,0,0
228oNrjkdxbdCkdDB,-1542404768_9265219196460304.0,9265219196460300.0,4,0,0,0,0,Female,Gender,Gender,Male,Female,0.0,1,0,1,Mobile,0.0,0.0,BRA,0.0,0,0,0,0,0,0,0,0,0,0,0,0,0,1,0,0,0,0,0
228sLhHusHTYoDRAb,1358832915_7422753338665571.0,7422753338665570.0,11,1,0,1,0,Female,Gender,Gender,Male,Female,1.0,5,0,0,Desktop,0.0,1.0,NOR,0.0,1,0,0,0,1,0,0,0,1,0,0,0,1,1,0,0,0,0,0
228sLhHusHTYoDRAb,1358832915_7422753338665571.0,7422753338665570.0,11,0,0,0,2,Male,Gender,Gender,Male,Female,1.0,5,0,1,Desktop,0.0,0.0,NOR,1.0,0,0,0,1,0,0,0,0,0,1,0,1,0,0,1,0,0,0,0
228tDA4ErKJBjhKsp,-25779277_6075808198656887.0,6075808198656890.0,3,1,1,0,2,Hoomans,Species,Species,Hoomans,Pets,0.0,2,0,0,Mobile,0.0,0.0,JPN,0.0,0,0,0,0,0,0,1,1,0,0,0,0,0,0,0,0,0,0,0
228tDA4ErKJBjhKsp,-25779277_6075808198656887.0,6075808198656890.0,3,0,1,0,1,Pets,Species,Species,Hoomans,Pets,0.0,2,0,1,Mobile,0.0,1.0,JPN,0.0,0,0,0,0,0,0,0,0,0,0,0,0,0,0,0,0,0,1,1
228vFSYHp2hrqxpT6,-1253115358_3635873717566120.0,3635873717566120.0,11,0,0,0,0,Less,Utilitarian,Utilitarian,More,Less,0.0,4,1,0,Desktop,1.0,0.0,NZL,0.0,0,0,0,1,1,1,0,0,0,0,0,0,0,0,0,1,0,0,0
228vFSYHp2hrqxpT6,-1253115358_3635873717566120.0,3635873717566120.0,11,1,0,1,0,More,Utilitarian,Utilitarian,More,Less,0.0,5,1,1,Desktop,1.0,1.0,NZL,0.0,0,0,0,1,1,1,0,0,1,0,0,0,0,0,0,1,0,0,0
228xwPF7hnsRS2Hdu,1736789131_1863065548817273.0,1863065548817270.0,2,0,0,0,0,Old,Age,Age,Young,Old,0.0,3,0,0,Desktop,1.0,1.0,BRA,0.0,0,0,0,0,3,0,0,0,0,0,0,0,0,0,0,0,0,0,0
228xwPF7hnsRS2Hdu,1736789131_1863065548817273.0,1863065548817270.0,2,1,0,1,0,Young,Age,Age,Young,Old,0.0,3,0,1,Desktop,1.0,0.0,BRA,0.0,2,0,0,0,0,0,1,0,0,0,0,0,0,0,0,0,0,0,0
228zXmzrN7e59Jsin,-1100751368_7153454596909067.0,7153454596909070.0,12,0,0,0,0,Pets,Species,Species,Hoomans,Pets,0.0,1,0,1,Desktop,0.0,0.0,FRA,0.0,0,0,0,0,0,0,0,0,0,0,0,0,0,0,0,0,0,1,0
228zXmzrN7e59Jsin,-1100751368_7153454596909067.0,7153454596909070.0,12,1,0,1,0,Hoomans,Species,Species,Hoomans,Pets,0.0,1,0,0,Desktop,0.0,1.0,FRA,0.0,0,0,0,0,0,0,0,0,0,0,1,0,0,0,0,0,0,0,0
22939cYPmzP7gkDym,-2010430277_8291524591570444.0,8291524591570450.0,5,0,0,1,0,Low,Social Status,Social Status,High,Low,0.0,2,0,0,Mobile,0.0,1.0,USA,2.0,0,0,0,0,0,0,0,0,0,0,0,0,0,0,0,0,0,0,0
2297PjXLFYTG4Ji2G,-1823439192_5652826342954951.0,5652826342954950.0,6,1,0,0,0,Pets,Species,Species,Hoomans,Pets,1.0,1,0,0,Mobile,0.0,1.0,USA,0.0,0,0,0,0,0,0,0,0,0,0,0,0,0,0,0,0,0,1,0
2297PjXLFYTG4Ji2G,-1823439192_5652826342954951.0,5652826342954950.0,6,0,0,1,0,Hoomans,Species,Species,Hoomans,Pets,1.0,1,0,1,Mobile,0.0,0.0,USA,0.0,0,0,0,0,0,0,0,0,0,1,0,0,0,0,0,0,0,0,0
229BN9miSAHHf2R4e,-130903220_2482718662951286.0,2482718662951290.0,2,1,0,0,2,Pets,Species,Species,Hoomans,Pets,1.0,2,0,0,Desktop,0.0,1.0,CAN,0.0,0,0,0,0,0,0,0,0,0,0,0,0,0,0,0,0,0,0,2
229BN9miSAHHf2R4e,-130903220_2482718662951286.0,2482718662951290.0,2,0,0,1,0,Hoomans,Species,Species,Hoomans,Pets,1.0,2,0,1,Desktop,0.0,0.0,CAN,0.0,0,0,0,1,0,0,0,1,0,0,0,0,0,0,0,0,0,0,0
229DfTgY2ZPxgD4xA,1445104_2641915334033504.0,2641915334033500.0,3,1,0,1,0,Rand,Random,Random,,,,5,3,1,Desktop,0.0,0.0,AUS,0.0,0,0,0,1,0,2,0,0,0,0,0,1,0,0,0,1,0,0,0
229DfTgY2ZPxgD4xA,1445104_2641915334033504.0,2641915334033500.0,3,0,0,0,1,Rand,Random,Random,,,,2,3,0,Desktop,0.0,1.0,AUS,0.0,0,1,0,0,0,0,0,0,0,0,0,1,0,0,0,0,0,0,0
229F4BFujLfL6gFc8,1463518977_4445937502743395.0,4445937502743400.0,9,1,1,0,2,Young,Age,Age,Young,Old,0.0,1,0,0,Desktop,0.0,1.0,GBR,0.0,0,0,0,0,0,0,1,0,0,0,0,0,0,0,0,0,0,0,0
229F4BFujLfL6gFc8,1463518977_4445937502743395.0,4445937502743400.0,9,0,1,0,1,Old,Age,Age,Young,Old,0.0,1,0,1,Desktop,0.0,0.0,GBR,0.0,0,0,0,0,1,0,0,0,0,0,0,0,0,0,0,0,0,0,0
229JEnbBpDjpqNcWN,-650279408_2155843056875208.0,2155843056875210.0,6,0,0,0,2,Rand,Random,Random,,,,2,1,1,Desktop,0.0,0.0,USA,0.0,0,0,0,0,0,0,0,0,0,2,0,0,0,0,0,0,0,0,0
229JEnbBpDjpqNcWN,-650279408_2155843056875208.0,2155843056875210.0,6,1,0,1,0,Rand,Random,Random,,,,1,1,0,Desktop,0.0,1.0,USA,0.0,0,0,0,0,0,0,0,0,0,0,1,0,0,0,0,0,0,0,0
229Jeb4ss3thtg2kX,647292465_7097129199934880.0,7097129199934880.0,13,0,0,1,0,Female,Gender,Gender,Male,Female,0.0,5,0,1,Desktop,0.0,1.0,USA,0.0,0,0,0,0,0,0,1,0,1,0,0,0,1,1,0,1,0,0,0
229Jeb4ss3thtg2kX,647292465_7097129199934880.0,7097129199934880.0,13,1,0,0,0,Male,Gender,Gender,Male,Female,0.0,5,0,0,Desktop,0.0,0.0,USA,0.0,0,0,0,0,0,1,0,0,0,1,0,1,0,0,1,0,1,0,0
229LdknKA4w4JEMch,-1750922662_365337984269340.0,365337984269340.0,3,0,0,1,0,Pets,Species,Species,Hoomans,Pets,0.0,2,0,0,Desktop,1.0,1.0,BRA,0.0,0,0,0,0,0,0,0,0,0,0,0,0,0,0,0,0,0,2,0
229LdknKA4w4JEMch,-1750922662_365337984269340.0,365337984269340.0,3,1,0,0,0,Hoomans,Species,Species,Hoomans,Pets,0.0,2,0,1,Desktop,1.0,0.0,BRA,0.0,0,0,0,0,0,0,1,0,0,0,0,1,0,0,0,0,0,0,0
229M7dvqweKQhPECL,19251808_5528408567952292.0,5528408567952290.0,7,1,1,0,1,Pets,Species,Species,Hoomans,Pets,1.0,2,0,1,Desktop,0.0,0.0,GBR,0.0,0,0,0,0,0,0,0,0,0,0,0,0,0,0,0,0,0,2,0
229M7dvqweKQhPECL,19251808_5528408567952292.0,5528408567952290.0,7,0,1,0,2,Hoomans,Species,Species,Hoomans,Pets,1.0,2,0,0,Desktop,0.0,1.0,GBR,0.0,0,1,0,0,0,0,1,0,0,0,0,0,0,0,0,0,0,0,0
229MBnz9jueYKhzDA,753967625_8084165017036814.0,8084165017036819.0,9,1,1,0,1,Female,Gender,Gender,Male,Female,1.0,3,0,1,Mobile,0.0,0.0,CAN,0.0,0,0,0,0,2,0,0,0,0,0,0,0,0,1,0,0,0,0,0
229MBnz9jueYKhzDA,753967625_8084165017036814.0,8084165017036819.0,9,0,1,0,2,Male,Gender,Gender,Male,Female,1.0,3,0,0,Mobile,0.0,1.0,CAN,0.0,0,0,0,2,0,0,0,0,0,0,0,0,0,0,1,0,0,0,0
229MFXWrK6XhR6Rip,-1790622664_4922451823470159.0,4922451823470160.0,4,0,0,1,0,Hoomans,Species,Species,Hoomans,Pets,1.0,4,0,1,Desktop,0.0,0.0,IRL,0.0,0,0,0,0,0,2,1,0,0,0,0,0,1,0,0,0,0,0,0
229MFXWrK6XhR6Rip,-1790622664_4922451823470159.0,4922451823470160.0,4,1,0,0,0,Pets,Species,Species,Hoomans,Pets,1.0,4,0,0,Desktop,0.0,1.0,IRL,0.0,0,0,0,0,0,0,0,0,0,0,0,0,0,0,0,0,0,2,2
229NW7SsJP53tTSj2,-1898679106_9937288121514048.0,9937288121514050.0,3,0,1,0,0,Male,Gender,Gender,Male,Female,1.0,3,0,1,Desktop,0.0,1.0,GRC,0.0,0,0,0,0,0,0,0,0,0,1,0,1,0,0,1,0,0,0,0
229NW7SsJP53tTSj2,-1898679106_9937288121514048.0,9937288121514050.0,3,1,1,0,0,Female,Gender,Gender,Male,Female,1.0,3,0,0,Desktop,0.0,0.0,GRC,0.0,0,0,0,0,0,0,0,0,1,0,0,0,1,1,0,0,0,0,0
229NrqGe5LRj9smuT,527389332_6119970652161912.0,6119970652161910.0,4,0,0,1,0,High,Social Status,Social Status,High,Low,1.0,4,0,0,Mobile,0.0,0.0,BRA,1.0,1,0,0,0,0,0,0,0,0,0,0,1,1,0,0,0,0,0,0
229NsPrMax9tEsp9B,-1552059800_3951560633874427.0,3951560633874430.5,9,0,1,0,2,Less,Utilitarian,Utilitarian,More,Less,0.0,2,3,0,Desktop,1.0,1.0,KOR,0.0,0,0,1,0,0,0,0,0,0,0,0,0,0,0,0,0,1,0,0
229NsPrMax9tEsp9B,-1552059800_3951560633874427.0,3951560633874430.5,9,1,1,0,1,More,Utilitarian,Utilitarian,More,Less,0.0,5,3,1,Desktop,1.0,0.0,KOR,0.0,0,0,1,0,0,0,0,0,0,0,1,0,0,0,1,1,1,0,0
229SWa4f3T9qfXTc4,912331367_9074865487337968.0,9074865487337970.0,10,0,1,0,0,Rand,Fitness,Random,,,,1,0,1,Mobile,0.0,1.0,FRA,0.0,0,0,0,0,0,0,0,0,0,0,0,0,0,0,1,0,0,0,0
229SWa4f3T9qfXTc4,912331367_9074865487337968.0,9074865487337970.0,10,1,1,0,0,Rand,Fitness,Random,,,,1,0,0,Mobile,0.0,0.0,FRA,1.0,0,0,0,0,0,0,0,0,0,0,0,0,0,0,0,0,0,0,0
229TBEfyfjGBkZdZq,-901331363_2094435961952137.0,2094435961952140.0,12,0,0,1,0,Male,Gender,Gender,Male,Female,1.0,5,0,0,Desktop,0.0,1.0,NLD,0.0,0,0,0,0,0,1,0,0,0,1,0,1,0,0,0,0,2,0,0
229TBEfyfjGBkZdZq,-901331363_2094435961952137.0,2094435961952140.0,12,1,0,0,1,Female,Gender,Gender,Male,Female,1.0,5,0,1,Desktop,0.0,0.0,NLD,0.0,0,0,0,0,0,0,1,0,1,0,0,0,1,0,0,2,0,0,0
229W9snpzNQTnFMRT,-272640014_4022418615276025.0,4022418615276030.5,7,0,1,0,1,Rand,Random,Random,,,,4,2,0,Mobile,0.0,0.0,ZAF,1.0,0,0,0,0,0,0,0,0,0,0,1,0,0,2,0,0,0,0,0
229W9snpzNQTnFMRT,-272640014_4022418615276025.0,4022418615276030.5,7,1,1,0,2,Rand,Random,Random,,,,2,2,1,Mobile,0.0,1.0,ZAF,0.0,0,0,0,0,0,1,0,0,0,0,0,0,0,0,0,0,1,0,0
229WnqfaxAE45LJ4g,-769904189_644580166544757.0,644580166544757.0,7,1,1,0,1,Male,Gender,Gender,Male,Female,0.0,4,0,1,Desktop,1.0,0.0,JPN,0.0,0,0,0,0,0,1,0,0,0,0,0,1,0,0,1,0,1,0,0
229WnqfaxAE45LJ4g,-769904189_644580166544757.0,644580166544757.0,7,0,1,0,2,Female,Gender,Gender,Male,Female,0.0,4,0,0,Desktop,1.0,1.0,JPN,0.0,0,0,0,0,0,0,1,0,0,0,0,0,1,1,0,1,0,0,0
229Z4sLxTn7u2mtuF,579951560_9436788439146652.0,9436788439146650.0,7,1,1,0,1,Male,Gender,Gender,Male,Female,0.0,3,0,1,Desktop,1.0,0.0,BRA,0.0,0,0,0,0,0,0,0,0,0,0,0,2,0,0,1,0,0,0,0
229Z4sLxTn7u2mtuF,579951560_9436788439146652.0,9436788439146650.0,7,0,1,0,2,Female,Gender,Gender,Male,Female,0.0,3,0,0,Desktop,1.0,1.0,BRA,0.0,0,0,0,0,0,0,0,0,0,0,0,0,2,1,0,0,0,0,0
229aGccvKdKFSA9Ph,1194390137_256557418441092.0,256557418441092.0,9,0,0,0,0,More,Utilitarian,Utilitarian,More,Less,1.0,5,1,1,Desktop,1.0,1.0,BRA,0.0,0,0,1,1,0,0,1,0,0,0,0,0,1,0,1,0,0,0,0
229aGccvKdKFSA9Ph,1194390137_256557418441092.0,256557418441092.0,9,1,0,1,0,Less,Utilitarian,Utilitarian,More,Less,1.0,4,1,0,Desktop,1.0,0.0,BRA,0.0,0,0,1,1,0,0,1,0,0,0,0,0,0,0,1,0,0,0,0
229bzG24PgFWayscz,-399761210_5602720432596167.0,5602720432596170.0,9,0,0,0,0,Pets,Species,Species,Hoomans,Pets,0.0,1,0,0,Desktop,0.0,0.0,ZAF,0.0,0,0,0,0,0,0,0,0,0,0,0,0,0,0,0,0,0,1,0
229bzG24PgFWayscz,-399761210_5602720432596167.0,5602720432596170.0,9,1,0,1,0,Hoomans,Species,Species,Hoomans,Pets,0.0,1,0,1,Desktop,0.0,1.0,ZAF,0.0,0,1,0,0,0,0,0,0,0,0,0,0,0,0,0,0,0,0,0
229cEfJqCgqtRQ8i3,597909304_46967634403798.0,46967634403798.0,5,1,0,1,0,More,Utilitarian,Utilitarian,More,Less,0.0,5,3,1,Desktop,0.0,0.0,CHE,0.0,0,2,1,0,0,0,0,0,1,0,1,0,0,0,0,0,0,0,0
229cEfJqCgqtRQ8i3,597909304_46967634403798.0,46967634403798.0,5,0,0,0,1,Less,Utilitarian,Utilitarian,More,Less,0.0,2,3,0,Desktop,0.0,1.0,CHE,0.0,0,1,0,0,0,0,0,0,1,0,0,0,0,0,0,0,0,0,0
229e7Aqk7bFeLdide,-393975871_31050367191370.0,31050367191370.0,4,1,0,0,2,Male,Gender,Gender,Male,Female,0.0,2,0,0,Desktop,1.0,1.0,FRA,0.0,0,0,0,0,0,0,0,0,0,0,0,0,0,0,1,0,1,0,0
229e7Aqk7bFeLdide,-393975871_31050367191370.0,31050367191370.0,4,0,0,1,0,Female,Gender,Gender,Male,Female,0.0,2,0,1,Desktop,1.0,0.0,FRA,0.0,0,0,0,0,0,0,0,0,0,0,0,0,0,1,0,1,0,0,0
229eSSC8upm7YRpto,2079965800_5816584700006369.0,5816584700006370.0,10,0,0,0,2,Male,Gender,Gender,Male,Female,1.0,3,0,0,Desktop,1.0,1.0,AUS,0.0,0,0,0,0,0,1,0,0,0,1,0,1,0,0,0,0,0,0,0
229eSSC8upm7YRpto,2079965800_5816584700006369.0,5816584700006370.0,10,1,0,1,0,Female,Gender,Gender,Male,Female,1.0,3,0,1,Desktop,1.0,0.0,AUS,0.0,0,0,0,0,0,0,1,0,1,0,0,0,1,0,0,0,0,0,0
229enABvkoCDXMmHc,-715434617_9856616862798008.0,9856616862798010.0,13,1,1,0,0,Low,Social Status,Social Status,High,Low,1.0,2,0,0,Desktop,0.0,1.0,PRT,0.0,1,0,0,0,0,0,0,1,0,0,0,0,0,0,0,0,0,0,0
229enABvkoCDXMmHc,-715434617_9856616862798008.0,9856616862798010.0,13,0,1,0,0,High,Social Status,Social Status,High,Low,1.0,2,0,1,Desktop,0.0,0.0,PRT,0.0,1,0,0,0,0,0,0,0,0,0,0,1,0,0,0,0,0,0,0
229gRSFSAEEN7A5Z9,1558506534_2089742626620472.0,2089742626620470.0,2,1,1,0,0,Male,Gender,Gender,Male,Female,0.0,5,0,0,Mobile,1.0,1.0,HUN,0.0,0,0,0,0,0,2,0,0,0,0,0,0,0,0,2,0,1,0,0
229gRSFSAEEN7A5Z9,1558506534_2089742626620472.0,2089742626620470.0,2,0,1,0,0,Female,Gender,Gender,Male,Female,0.0,5,0,1,Mobile,1.0,0.0,HUN,0.0,0,0,0,0,0,0,2,0,0,0,0,0,0,2,0,1,0,0,0
229mtRbJ6pkuWiTXj,1551655472_5758173815524972.0,5758173815524970.0,8,1,0,1,0,Less,Utilitarian,Utilitarian,More,Less,1.0,3,2,0,Desktop,1.0,0.0,USA,0.0,0,0,0,0,0,0,0,1,1,0,0,0,1,0,0,0,0,0,0
229mtRbJ6pkuWiTXj,1551655472_5758173815524972.0,5758173815524970.0,8,0,0,0,0,More,Utilitarian,Utilitarian,More,Less,1.0,5,2,1,Desktop,1.0,1.0,USA,0.0,0,0,0,1,0,0,0,1,1,0,0,0,2,0,0,0,0,0,0
229n4SzLvnB6jnfNe,-1619633008_2735864641155820.0,2735864641155820.0,4,1,0,0,2,Pets,Species,Species,Hoomans,Pets,1.0,4,0,1,Desktop,1.0,1.0,ROU,0.0,0,0,0,0,0,0,0,0,0,0,0,0,0,0,0,0,0,3,1
229n4SzLvnB6jnfNe,-1619633008_2735864641155820.0,2735864641155820.0,4,0,0,1,0,Hoomans,Species,Species,Hoomans,Pets,1.0,4,0,0,Desktop,1.0,0.0,ROU,1.0,0,0,0,0,0,0,0,0,1,0,0,1,1,0,0,0,0,0,0
229nKqdbNaSH7krqj,692931638_3817249594741407.0,3817249594741409.5,11,1,1,0,1,Less,Utilitarian,Utilitarian,More,Less,1.0,1,4,0,Desktop,0.0,1.0,ROU,0.0,0,0,0,0,1,0,0,0,0,0,0,0,0,0,0,0,0,0,0
229nKqdbNaSH7krqj,692931638_3817249594741407.0,3817249594741409.5,11,0,1,0,2,More,Utilitarian,Utilitarian,More,Less,1.0,5,4,1,Desktop,0.0,0.0,ROU,0.0,0,0,1,0,1,1,0,0,0,0,0,0,1,0,0,0,0,0,1
229otuc68JbuZiX2C,-1749327335_9212574043621782.0,9212574043621780.0,3,1,0,0,2,Rand,Random,Random,,,,3,0,1,Desktop,1.0,1.0,USA,0.0,0,1,0,0,0,0,0,1,0,0,0,0,0,0,0,1,0,0,0
229otuc68JbuZiX2C,-1749327335_9212574043621782.0,9212574043621780.0,3,0,0,1,0,Rand,Random,Random,,,,3,0,0,Desktop,1.0,0.0,USA,0.0,1,0,0,0,0,0,0,0,0,0,1,0,0,0,0,0,0,1,0
229ozf6TNBwpyaCD9,1979177218_1971970950769593.0,1971970950769590.0,9,0,1,0,0,Rand,Fitness,Random,,,,3,0,1,Desktop,1.0,0.0,USA,0.0,0,0,0,0,0,0,0,0,0,0,0,0,0,2,1,0,0,0,0
229ozf6TNBwpyaCD9,1979177218_1971970950769593.0,1971970950769590.0,9,1,1,0,0,Rand,Fitness,Random,,,,3,0,0,Desktop,1.0,1.0,USA,1.0,2,0,0,0,0,0,0,0,0,0,0,0,0,0,0,0,0,0,0
229qPqSrAjY8e5quC,1636243135_1883929675711704.0,1883929675711700.0,8,0,0,0,2,Rand,Random,Random,,,,5,2,1,Desktop,0.0,1.0,CZE,0.0,0,0,0,0,1,1,1,0,0,0,0,0,0,0,0,0,1,1,0
229qPqSrAjY8e5quC,1636243135_1883929675711704.0,1883929675711700.0,8,1,0,1,0,Rand,Random,Random,,,,3,2,0,Desktop,0.0,0.0,CZE,0.0,0,0,0,0,0,0,0,0,0,0,1,0,0,1,0,0,0,1,0
229rPuQgN2P9q42Wu,831113591_7488280163086256.0,7488280163086259.0,4,0,0,0,2,Female,Gender,Gender,Male,Female,0.0,1,0,0,Desktop,1.0,1.0,BRA,0.0,0,0,0,0,0,0,0,0,0,0,0,0,0,1,0,0,0,0,0
229rPuQgN2P9q42Wu,831113591_7488280163086256.0,7488280163086259.0,4,1,0,1,0,Male,Gender,Gender,Male,Female,0.0,1,0,1,Desktop,1.0,0.0,BRA,0.0,0,0,0,0,0,0,0,0,0,0,0,0,0,0,1,0,0,0,0
229yA2RJ5jTc9upaP,234747696_3968654439643426.0,3968654439643430.5,12,1,1,0,0,Pets,Species,Species,Hoomans,Pets,1.0,2,0,0,Desktop,1.0,0.0,CAN,0.0,0,0,0,0,0,0,0,0,0,0,0,0,0,0,0,0,0,1,1
229yA2RJ5jTc9upaP,234747696_3968654439643426.0,3968654439643430.5,12,0,1,0,0,Hoomans,Species,Species,Hoomans,Pets,1.0,2,0,1,Desktop,1.0,1.0,CAN,1.0,0,0,0,0,0,0,0,0,0,0,0,0,0,0,1,0,0,0,0
229zo4bXYKaQEmJF8,874162127_6144385256671203.0,6144385256671200.0,9,1,1,0,0,Young,Age,Age,Young,Old,0.0,5,0,1,Desktop,1.0,0.0,SWE,2.0,1,0,0,0,0,0,2,0,0,0,0,0,0,0,0,0,0,0,0
229zo4bXYKaQEmJF8,874162127_6144385256671203.0,6144385256671200.0,9,0,1,0,0,Old,Age,Age,Young,Old,0.0,5,0,0,Desktop,1.0,1.0,SWE,0.0,2,0,0,2,1,0,0,0,0,0,0,0,0,0,0,0,0,0,0
22A2A7jntqz4dgx4z,-1459391586_8565430278008933.0,8565430278008930.0,1,0,0,0,2,More,Utilitarian,Utilitarian,More,Less,1.0,5,1,1,Mobile,0.0,1.0,ITA,0.0,0,0,0,0,0,0,0,0,0,0,0,0,0,0,1,1,1,1,1
22A2A7jntqz4dgx4z,-1459391586_8565430278008933.0,8565430278008930.0,1,1,0,1,0,Less,Utilitarian,Utilitarian,More,Less,1.0,4,1,0,Mobile,0.0,0.0,ITA,0.0,0,0,0,0,0,0,0,0,0,0,0,0,0,0,0,1,1,1,1
22A469uP8jLkQ2gg2,817927743_7530022526720479.0,7530022526720480.0,13,1,1,0,0,Fit,Fitness,Fitness,Fit,Fat,0.0,3,0,1,Desktop,1.0,0.0,ARE,0.0,0,0,0,0,0,0,0,0,0,0,0,0,0,2,1,0,0,0,0
22A469uP8jLkQ2gg2,817927743_7530022526720479.0,7530022526720480.0,13,0,1,0,0,Fat,Fitness,Fitness,Fit,Fat,0.0,3,0,0,Desktop,1.0,1.0,ARE,1.0,1,0,0,0,0,0,0,0,1,0,0,0,0,0,0,0,0,0,0
22A4BB5Q8okvsQfoB,321151270_3690825471605992.0,3690825471605990.5,9,1,0,1,0,Pets,Species,Species,Hoomans,Pets,1.0,5,0,1,Desktop,0.0,0.0,DZA,0.0,0,0,0,0,0,0,0,0,0,0,0,0,0,0,0,0,0,2,3
22A4BB5Q8okvsQfoB,321151270_3690825471605992.0,3690825471605990.5,9,0,0,0,2,Hoomans,Species,Species,Hoomans,Pets,1.0,5,0,0,Desktop,0.0,1.0,DZA,0.0,0,0,0,0,0,1,0,1,0,1,0,0,0,2,0,0,0,0,0
22A4eryYzi8z3SiDf,6023074_6832372904259549.0,6832372904259550.0,4,0,1,0,0,Male,Gender,Gender,Male,Female,1.0,3,0,0,Desktop,1.0,1.0,USA,1.0,0,0,0,1,0,0,0,0,0,0,0,0,0,0,1,0,0,0,0
22A4eryYzi8z3SiDf,6023074_6832372904259549.0,6832372904259550.0,4,1,1,0,0,Female,Gender,Gender,Male,Female,1.0,3,0,1,Desktop,1.0,0.0,USA,0.0,1,0,0,0,1,0,0,0,0,0,0,0,0,1,0,0,0,0,0
22A5PwQ4HbFuzXHtK,-1939083_1549240577497082.0,1549240577497080.0,11,1,0,1,0,High,Social Status,Social Status,High,Low,0.0,5,0,1,Desktop,0.0,0.0,GBR,2.0,2,0,0,0,0,0,0,0,0,0,0,1,0,0,0,0,0,0,0
22A63rjGmLgZrzPKs,-1159078451_2436381295652412.0,2436381295652410.0,9,0,1,0,2,Old,Age,Age,Young,Old,0.0,2,0,0,Desktop,0.0,1.0,CAN,0.0,0,0,0,2,0,0,0,0,0,0,0,0,0,0,0,0,0,0,0
22A63rjGmLgZrzPKs,-1159078451_2436381295652412.0,2436381295652410.0,9,1,1,0,1,Young,Age,Age,Young,Old,0.0,2,0,1,Desktop,0.0,0.0,CAN,1.0,0,0,0,0,0,1,0,0,0,0,0,0,0,0,0,0,0,0,0
22A7ErbuT83rzj8Bq,2052520127_7644449848773257.0,7644449848773261.0,12,1,0,1,0,Young,Age,Age,Young,Old,0.0,1,0,1,Mobile,0.0,1.0,FRA,0.0,0,0,0,0,0,0,1,0,0,0,0,0,0,0,0,0,0,0,0
22A7ErbuT83rzj8Bq,2052520127_7644449848773257.0,7644449848773261.0,12,0,0,0,1,Old,Age,Age,Young,Old,0.0,1,0,0,Mobile,0.0,0.0,FRA,0.0,0,0,0,0,1,0,0,0,0,0,0,0,0,0,0,0,0,0,0
22A8Jbmc352YpupNP,-2056296091_3113107335957252.0,3113107335957250.0,9,0,1,0,2,Hoomans,Species,Species,Hoomans,Pets,1.0,4,0,1,Desktop,1.0,0.0,USA,0.0,1,0,0,0,0,0,0,0,0,0,1,0,0,1,0,1,0,0,0
22A8Jbmc352YpupNP,-2056296091_3113107335957252.0,3113107335957250.0,9,1,1,0,1,Pets,Species,Species,Hoomans,Pets,1.0,4,0,0,Desktop,1.0,1.0,USA,0.0,0,0,0,0,0,0,0,0,0,0,0,0,0,0,0,0,0,2,2
22A9DHK6r2pkHsHwf,1555104566_7777529714079412.0,7777529714079410.0,9,0,1,0,0,Hoomans,Species,Species,Hoomans,Pets,1.0,2,0,0,Mobile,0.0,0.0,TUR,0.0,1,0,0,0,0,0,0,0,0,0,1,0,0,0,0,0,0,0,0
22A9DHK6r2pkHsHwf,1555104566_7777529714079412.0,7777529714079410.0,9,1,1,0,0,Pets,Species,Species,Hoomans,Pets,1.0,2,0,1,Mobile,0.0,1.0,TUR,0.0,0,0,0,0,0,0,0,0,0,0,0,0,0,0,0,0,0,1,1
22ACJEXLnLxYvsHPQ,937988981_9409773263382316.0,9409773263382320.0,2,0,1,0,1,Fat,Fitness,Fitness,Fit,Fat,0.0,5,0,1,Desktop,0.0,1.0,NLD,0.0,1,0,0,0,0,0,0,0,2,2,0,0,0,0,0,0,0,0,0
22ACJEXLnLxYvsHPQ,937988981_9409773263382316.0,9409773263382320.0,2,1,1,0,2,Fit,Fitness,Fitness,Fit,Fat,0.0,5,0,0,Desktop,0.0,0.0,NLD,2.0,1,0,0,0,0,0,0,0,0,0,0,0,0,2,0,0,0,0,0
22ACwqHpqGHwtW2gk,2023942407_9005759893826855.0,9005759893826861.0,8,0,1,0,0,Fit,Fitness,Fitness,Fit,Fat,1.0,2,0,1,Mobile,0.0,0.0,FRA,0.0,1,0,0,0,0,0,0,0,0,0,0,0,0,0,1,0,0,0,0
22ACwqHpqGHwtW2gk,2023942407_9005759893826855.0,9005759893826861.0,8,1,1,0,0,Fat,Fitness,Fitness,Fit,Fat,1.0,2,0,0,Mobile,0.0,1.0,FRA,0.0,0,0,0,0,0,0,0,0,1,1,0,0,0,0,0,0,0,0,0
22ADGcgZbhQSbSNLi,-801393902_5996976687464459.0,5996976687464460.0,1,0,1,0,1,Hoomans,Species,Species,Hoomans,Pets,1.0,3,0,0,Desktop,0.0,1.0,TUR,0.0,0,1,1,1,0,0,0,0,0,0,0,0,0,0,0,0,0,0,0
22ADGcgZbhQSbSNLi,-801393902_5996976687464459.0,5996976687464460.0,1,1,1,0,2,Pets,Species,Species,Hoomans,Pets,1.0,3,0,1,Desktop,0.0,0.0,TUR,0.0,0,0,0,0,0,0,0,0,0,0,0,0,0,0,0,0,0,2,1
22ADaR8z6QxjmNzCd,-1209993277_7237976911239175.0,7237976911239181.0,12,1,1,0,0,Female,Gender,Gender,Male,Female,1.0,5,0,1,Desktop,0.0,1.0,USA,0.0,0,0,0,0,0,0,0,0,0,0,0,0,0,2,0,3,0,0,0
22ADaR8z6QxjmNzCd,-1209993277_7237976911239175.0,7237976911239181.0,12,0,1,0,0,Male,Gender,Gender,Male,Female,1.0,5,0,0,Desktop,0.0,0.0,USA,0.0,0,0,0,0,0,0,0,0,0,0,0,0,0,0,2,0,3,0,0
22AJEd3uDkojEyqRL,-1752327815_197746665952442.0,197746665952442.0,10,0,1,0,2,More,Utilitarian,Utilitarian,More,Less,1.0,5,1,0,Desktop,1.0,0.0,CAN,0.0,0,0,0,0,0,0,0,0,1,0,1,0,0,0,0,2,0,1,0
22AJEd3uDkojEyqRL,-1752327815_197746665952442.0,197746665952442.0,10,1,1,0,1,Less,Utilitarian,Utilitarian,More,Less,1.0,4,1,1,Desktop,1.0,1.0,CAN,0.0,0,0,0,0,0,0,0,0,1,0,1,0,0,0,0,2,0,0,0
22ANt92zFewMx5Wnr,-974317293_6814179366996167.0,6814179366996170.0,2,0,1,0,2,Fit,Fitness,Fitness,Fit,Fat,1.0,3,0,1,Desktop,1.0,1.0,CAN,1.0,0,0,0,0,0,0,0,0,0,0,0,0,0,0,2,0,0,0,0
22ANt92zFewMx5Wnr,-974317293_6814179366996167.0,6814179366996170.0,2,1,1,0,1,Fat,Fitness,Fitness,Fit,Fat,1.0,3,0,0,Desktop,1.0,0.0,CAN,2.0,0,0,0,0,0,0,0,0,0,1,0,0,0,0,0,0,0,0,0
22AR9Y7ot3YCReC9a,-379756946_781991111411652.0,781991111411652.0,1,0,0,1,0,Pets,Species,Species,Hoomans,Pets,0.0,3,0,0,Desktop,1.0,1.0,PRT,0.0,0,0,0,0,0,0,0,0,0,0,0,0,0,0,0,0,0,3,0
22AR9Y7ot3YCReC9a,-379756946_781991111411652.0,781991111411652.0,1,1,0,0,1,Hoomans,Species,Species,Hoomans,Pets,0.0,3,0,1,Desktop,0.0,0.0,PRT,1.0,0,0,0,0,0,0,0,0,1,1,0,0,0,0,0,0,0,0,0
22AaWNXgZbrhdeBpc,276413011_1860361674001013.0,1860361674001010.0,2,0,0,0,0,High,Social Status,Social Status,High,Low,1.0,1,0,1,Mobile,0.0,0.0,BRA,0.0,1,0,0,0,0,0,0,0,0,0,0,0,0,0,0,0,0,0,0
22AdyxTNCWxbSiayw,1014084725_4245059254602932.0,4245059254602929.5,10,0,0,0,1,Hoomans,Species,Species,Hoomans,Pets,1.0,2,0,1,Desktop,0.0,1.0,AUT,0.0,0,0,0,0,1,0,0,0,0,1,0,0,0,0,0,0,0,0,0
22AdyxTNCWxbSiayw,1014084725_4245059254602932.0,4245059254602929.5,10,1,0,1,0,Pets,Species,Species,Hoomans,Pets,1.0,2,0,0,Desktop,0.0,0.0,AUT,0.0,0,0,0,0,0,0,0,0,0,0,0,0,0,0,0,0,0,2,0
22AecLJay4KXHj3CY,1928519921_5903847563875076.0,5903847563875080.0,3,0,0,1,0,Rand,Fitness,Random,,,,2,0,0,Mobile,0.0,1.0,JPN,0.0,0,0,0,0,0,0,0,0,0,0,0,0,0,1,1,0,0,0,0
22AecLJay4KXHj3CY,1928519921_5903847563875076.0,5903847563875080.0,3,1,0,0,1,Rand,Fitness,Random,,,,2,0,1,Mobile,0.0,0.0,JPN,1.0,1,0,0,0,0,0,0,0,0,0,0,0,0,0,0,0,0,0,0
22AfFjRjNHXdbygsP,1413589634_2478444273580593.0,2478444273580590.0,12,0,1,0,2,Female,Gender,Gender,Male,Female,0.0,1,0,0,Desktop,0.0,1.0,BEL,0.0,0,0,0,0,0,0,0,0,0,0,0,0,0,0,0,1,0,0,0
22AfFjRjNHXdbygsP,1413589634_2478444273580593.0,2478444273580590.0,12,1,1,0,1,Male,Gender,Gender,Male,Female,0.0,1,0,1,Desktop,0.0,0.0,BEL,0.0,0,0,0,0,0,0,0,0,0,0,0,0,0,0,0,0,1,0,0
22AfJYyuW4QG9mrXL,-436441369_7316511031885764.0,7316511031885760.0,5,0,1,0,2,More,Utilitarian,Utilitarian,More,Less,1.0,5,3,0,Desktop,0.0,0.0,FRA,1.0,0,1,0,0,0,0,0,0,0,1,0,0,0,0,1,0,0,0,1
22AfJYyuW4QG9mrXL,-436441369_7316511031885764.0,7316511031885760.0,5,1,1,0,1,Less,Utilitarian,Utilitarian,More,Less,1.0,2,3,1,Desktop,0.0,1.0,FRA,0.0,0,1,0,0,0,0,0,0,0,0,0,0,0,0,0,0,0,0,1
22AfK3aJTvMW8FBLc,317341805_9608070517424494.0,9608070517424490.0,4,1,0,1,0,Less,Utilitarian,Utilitarian,More,Less,1.0,3,2,0,Desktop,0.0,0.0,FRA,0.0,0,0,0,0,0,0,1,1,0,0,0,0,0,0,0,0,0,1,0
22AfK3aJTvMW8FBLc,317341805_9608070517424494.0,9608070517424490.0,4,0,0,0,1,More,Utilitarian,Utilitarian,More,Less,1.0,5,2,1,Desktop,0.0,1.0,FRA,0.0,0,0,0,0,0,0,1,1,2,0,0,0,0,0,0,0,0,1,0
22AfmmxQgGBg469jK,-899046873_404964856324230.0,404964856324230.0,11,0,0,1,0,Rand,Random,Random,,,,3,2,1,Desktop,0.0,1.0,ITA,0.0,0,1,0,0,0,0,0,0,0,0,0,0,0,0,0,1,0,1,0
22AfmmxQgGBg469jK,-899046873_404964856324230.0,404964856324230.0,11,1,0,0,2,Rand,Random,Random,,,,5,2,0,Desktop,0.0,0.0,ITA,1.0,0,1,0,0,0,0,1,0,1,0,0,1,0,0,0,0,0,0,0
22AfpgQPFaXYGG6EA,1124976472_9063064305556368.0,9063064305556370.0,2,0,1,0,2,High,Social Status,Social Status,High,Low,1.0,2,0,1,Desktop,1.0,1.0,BRA,1.0,0,0,0,0,0,0,0,0,0,0,0,0,1,0,0,0,0,0,0
22AfpgQPFaXYGG6EA,1124976472_9063064305556368.0,9063064305556370.0,2,1,1,0,1,Low,Social Status,Social Status,High,Low,1.0,2,0,0,Desktop,1.0,0.0,BRA,0.0,0,0,0,0,0,0,0,2,0,0,0,0,0,0,0,0,0,0,0
22AigZA8MLzpQQzQe,121445722_4240206326455680.0,4240206326455680.0,7,0,1,0,2,Less,Utilitarian,Utilitarian,More,Less,0.0,3,2,0,Desktop,1.0,0.0,ARG,1.0,0,0,0,0,0,0,1,0,0,0,0,0,0,0,0,0,0,0,1
22AigZA8MLzpQQzQe,121445722_4240206326455680.0,4240206326455680.0,7,1,1,0,1,More,Utilitarian,Utilitarian,More,Less,0.0,5,2,1,Desktop,1.0,1.0,ARG,1.0,0,0,0,0,0,0,1,0,0,0,0,0,1,0,0,1,0,0,1
22AiteZnKhKMzhknG,2081680677_1083146602944956.0,1083146602944960.0,10,0,0,1,0,Fit,Fitness,Fitness,Fit,Fat,1.0,5,0,1,Mobile,0.0,1.0,BRA,0.0,1,0,0,0,0,0,0,0,0,0,0,0,0,2,2,0,0,0,0
22AiteZnKhKMzhknG,2081680677_1083146602944956.0,1083146602944960.0,10,1,0,0,2,Fat,Fitness,Fitness,Fit,Fat,1.0,5,0,0,Mobile,0.0,0.0,BRA,2.0,0,0,0,0,0,0,0,0,3,0,0,0,0,0,0,0,0,0,0
22AjwbbmKaeihSveA,188681426_4224100293965496.0,4224100293965500.0,6,1,1,0,0,Male,Gender,Gender,Male,Female,0.0,5,0,0,Desktop,1.0,1.0,AUS,0.0,0,0,0,3,0,1,0,0,0,0,0,1,0,0,0,0,0,0,0
22AjwbbmKaeihSveA,188681426_4224100293965496.0,4224100293965500.0,6,0,1,0,0,Female,Gender,Gender,Male,Female,0.0,5,0,1,Desktop,1.0,0.0,AUS,0.0,0,0,0,0,3,0,1,0,0,0,0,0,1,0,0,0,0,0,0
22AmY5DtQLWscspDh,-1036865618_144128178718219.0,144128178718219.0,3,1,0,1,0,Young,Age,Age,Young,Old,0.0,3,0,1,Desktop,1.0,1.0,USA,0.0,0,0,0,0,0,3,0,0,0,0,0,0,0,0,0,0,0,0,0
22AmY5DtQLWscspDh,-1036865618_144128178718219.0,144128178718219.0,3,0,0,0,0,Old,Age,Age,Young,Old,0.0,3,0,0,Desktop,1.0,0.0,USA,2.0,0,0,0,1,0,0,0,0,0,0,0,0,0,0,0,0,0,0,0
22Ao829GCszPEJPeC,-1171446232_2708115317591727.0,2708115317591730.0,5,0,0,0,0,Young,Age,Age,Young,Old,1.0,2,0,1,Mobile,0.0,1.0,JPN,0.0,0,0,0,0,0,2,0,0,0,0,0,0,0,0,0,0,0,0,0
22Ao829GCszPEJPeC,-1171446232_2708115317591727.0,2708115317591730.0,5,1,0,1,0,Old,Age,Age,Young,Old,1.0,2,0,0,Mobile,0.0,0.0,JPN,1.0,0,0,0,1,0,0,0,0,0,0,0,0,0,0,0,0,0,0,0
22AoCpRyJkovZ7PCL,1058390990_974713909686828.0,974713909686828.0,8,1,0,1,0,Young,Age,Age,Young,Old,0.0,1,0,1,Desktop,1.0,1.0,RUS,0.0,0,0,0,0,0,0,1,0,0,0,0,0,0,0,0,0,0,0,0
22AoCpRyJkovZ7PCL,1058390990_974713909686828.0,974713909686828.0,8,0,0,0,2,Old,Age,Age,Young,Old,0.0,1,0,0,Desktop,1.0,0.0,RUS,0.0,1,0,0,0,0,0,0,0,0,0,0,0,0,0,0,0,0,0,0
22AqAaJ8oEXRS8orK,1637287086_20212843242338.0,20212843242338.0,5,1,0,1,0,Rand,Random,Random,,,,2,2,1,Mobile,1.0,0.0,BRA,1.0,0,0,0,0,0,0,0,0,0,0,0,1,0,0,0,0,0,0,0
22AqAaJ8oEXRS8orK,1637287086_20212843242338.0,20212843242338.0,5,0,0,0,2,Rand,Random,Random,,,,4,2,0,Mobile,1.0,1.0,BRA,1.0,0,0,0,0,0,0,0,0,0,0,0,0,0,1,1,0,0,0,1
22ArxEwcoS5BbB2vf,2058635881_1611797809682869.0,1611797809682870.0,5,1,1,0,2,More,Utilitarian,Utilitarian,More,Less,0.0,5,2,0,Desktop,1.0,0.0,RUS,0.0,2,0,0,1,0,0,0,1,0,0,0,0,0,0,0,0,0,1,0
22ArxEwcoS5BbB2vf,2058635881_1611797809682869.0,1611797809682870.0,5,0,1,0,1,Less,Utilitarian,Utilitarian,More,Less,0.0,3,2,1,Desktop,1.0,1.0,RUS,0.0,1,0,0,1,0,0,0,0,0,0,0,0,0,0,0,0,0,1,0
22AsZBByb22Gkqhjw,1944259984_7440279612011418.0,7440279612011421.0,4,0,0,1,0,Male,Gender,Gender,Male,Female,1.0,1,0,0,Desktop,1.0,1.0,PAK,1.0,0,0,0,0,0,0,0,0,0,0,0,0,0,0,0,0,0,0,0
22AsZBByb22Gkqhjw,1944259984_7440279612011418.0,7440279612011421.0,4,1,0,0,1,Female,Gender,Gender,Male,Female,1.0,1,0,1,Desktop,1.0,0.0,PAK,0.0,1,0,0,0,0,0,0,0,0,0,0,0,0,0,0,0,0,0,0
22At6CLa9ds3kexkY,-710885855_1555319146360210.0,1555319146360210.0,5,0,0,0,2,Hoomans,Species,Species,Hoomans,Pets,1.0,4,0,1,Mobile,0.0,1.0,ESP,0.0,0,2,0,0,0,0,0,0,1,0,0,0,0,1,0,0,0,0,0
22At6CLa9ds3kexkY,-710885855_1555319146360210.0,1555319146360210.0,5,1,0,1,0,Pets,Species,Species,Hoomans,Pets,1.0,4,0,0,Mobile,0.0,0.0,ESP,0.0,0,0,0,0,0,0,0,0,0,0,0,0,0,0,0,0,0,3,1
22At9rCo8AxG83bqv,-541904212_4706649847641491.0,4706649847641490.0,11,0,1,0,2,Hoomans,Species,Species,Hoomans,Pets,1.0,2,0,1,Mobile,0.0,1.0,JPN,0.0,0,0,0,0,0,1,0,0,0,1,0,0,0,0,0,0,0,0,0
22At9rCo8AxG83bqv,-541904212_4706649847641491.0,4706649847641490.0,11,1,1,0,1,Pets,Species,Species,Hoomans,Pets,1.0,2,0,0,Mobile,0.0,0.0,JPN,0.0,0,0,0,0,0,0,0,0,0,0,0,0,0,0,0,0,0,2,0
22Atgn3FWbeqv2cHu,2129934860_289462016726647.0,289462016726647.0,2,0,0,0,1,Hoomans,Species,Species,Hoomans,Pets,1.0,4,0,1,Desktop,0.0,1.0,USA,0.0,0,0,1,1,0,0,0,0,0,0,0,1,1,0,0,0,0,0,0
22Atgn3FWbeqv2cHu,2129934860_289462016726647.0,289462016726647.0,2,1,0,1,0,Pets,Species,Species,Hoomans,Pets,1.0,4,0,0,Desktop,1.0,0.0,USA,0.0,0,0,0,0,0,0,0,0,0,0,0,0,0,0,0,0,0,2,2
22AuQyqkaSjhtwrk6,2070137661_6056129154240248.0,6056129154240250.0,7,0,0,0,2,Fat,Fitness,Fitness,Fit,Fat,0.0,3,0,0,Desktop,1.0,1.0,SGP,0.0,1,0,0,0,0,0,0,0,1,1,0,0,0,0,0,0,0,0,0
22AuQyqkaSjhtwrk6,2070137661_6056129154240248.0,6056129154240250.0,7,1,0,1,0,Fit,Fitness,Fitness,Fit,Fat,0.0,3,0,1,Desktop,1.0,0.0,SGP,1.0,0,0,0,0,0,0,0,0,0,0,0,0,0,2,0,0,0,0,0
22AwDQJTMtzM5e96d,1774516796_1808729769778632.0,1808729769778630.0,1,0,1,0,2,Female,Gender,Gender,Male,Female,0.0,4,0,0,Desktop,1.0,1.0,SGP,0.0,0,0,0,0,1,0,1,0,0,0,0,0,0,2,0,0,0,0,0
22AwDQJTMtzM5e96d,1774516796_1808729769778632.0,1808729769778630.0,1,1,1,0,1,Male,Gender,Gender,Male,Female,0.0,4,0,1,Desktop,1.0,0.0,SGP,0.0,0,0,0,1,0,1,0,0,0,0,0,0,0,0,2,0,0,0,0
22AxkPDSxKu9HmGrK,1253134472_9135855454951524.0,9135855454951520.0,3,0,0,1,0,Fit,Fitness,Fitness,Fit,Fat,1.0,5,0,1,Desktop,1.0,1.0,GBR,0.0,0,0,0,0,0,0,0,0,0,0,0,0,0,2,3,0,0,0,0
22AxkPDSxKu9HmGrK,1253134472_9135855454951524.0,9135855454951520.0,3,1,0,0,2,Fat,Fitness,Fitness,Fit,Fat,1.0,5,0,0,Desktop,0.0,0.0,GBR,3.0,1,0,0,0,0,0,0,0,1,0,0,0,0,0,0,0,0,0,0
22AzYtGPBBSxA7hhs,-1082858016_7387766844585537.0,7387766844585539.0,2,0,1,0,2,Young,Age,Age,Young,Old,1.0,5,0,0,Desktop,1.0,1.0,DEU,0.0,3,0,0,0,0,2,0,0,0,0,0,0,0,0,0,0,0,0,0
22AzYtGPBBSxA7hhs,-1082858016_7387766844585537.0,7387766844585539.0,2,1,1,0,1,Old,Age,Age,Young,Old,1.0,5,0,1,Desktop,1.0,0.0,DEU,0.0,0,0,0,2,3,0,0,0,0,0,0,0,0,0,0,0,0,0,0
22B3C53aSiArHe7Es,-672169758_2730512377786094.0,2730512377786090.0,6,0,0,1,0,Rand,Fitness,Random,,,,2,0,0,Desktop,1.0,0.0,GIB,0.0,0,0,0,0,0,0,0,0,0,0,0,0,0,1,1,0,0,0,0
22B3C53aSiArHe7Es,-672169758_2730512377786094.0,2730512377786090.0,6,1,0,0,0,Rand,Fitness,Random,,,,2,0,1,Desktop,1.0,1.0,GIB,1.0,1,0,0,0,0,0,0,0,0,0,0,0,0,0,0,0,0,0,0
22B6ASkTQ2ikov6W5,1774047753_6535883193606093.0,6535883193606090.0,11,0,1,0,0,Young,Age,Age,Young,Old,1.0,4,0,0,Desktop,0.0,0.0,USA,1.0,0,0,0,0,0,1,2,0,0,0,0,0,0,0,0,0,0,0,0
22B6ASkTQ2ikov6W5,1774047753_6535883193606093.0,6535883193606090.0,11,1,1,0,0,Old,Age,Age,Young,Old,1.0,4,0,1,Desktop,0.0,1.0,USA,1.0,1,0,0,1,1,0,0,0,0,0,0,0,0,0,0,0,0,0,0
22B8Y3ai4SPhdK2C4,27663105_7473409659854844.0,7473409659854850.0,11,0,0,0,0,More,Utilitarian,Utilitarian,More,Less,1.0,5,3,1,Desktop,0.0,0.0,GBR,0.0,1,1,0,0,0,0,0,1,0,0,0,0,0,0,1,0,0,0,1
22B8Y3ai4SPhdK2C4,27663105_7473409659854844.0,7473409659854850.0,11,1,0,1,0,Less,Utilitarian,Utilitarian,More,Less,1.0,2,3,0,Desktop,1.0,1.0,GBR,0.0,0,0,0,0,0,0,0,1,0,0,0,0,0,0,0,0,0,0,1
22B9cQYK8fCiWnYad,-205631927_6606622651960219.0,6606622651960220.0,7,1,0,0,1,High,Social Status,Social Status,High,Low,0.0,3,0,1,Desktop,1.0,0.0,TWN,3.0,0,0,0,0,0,0,0,0,0,0,0,0,0,0,0,0,0,0,0
22BAQMxpCAoxhdwnA,506234898_787724031245031.0,787724031245031.0,12,1,0,0,2,Fit,Fitness,Fitness,Fit,Fat,0.0,2,0,0,Desktop,1.0,1.0,ISR,0.0,0,0,0,0,0,0,0,0,0,0,0,0,0,2,0,0,0,0,0
22BAQMxpCAoxhdwnA,506234898_787724031245031.0,787724031245031.0,12,0,0,1,0,Fat,Fitness,Fitness,Fit,Fat,0.0,2,0,1,Desktop,1.0,0.0,ISR,0.0,1,0,0,0,0,0,0,0,1,0,0,0,0,0,0,0,0,0,0
22BAfk8u3Gb9jYHsX,2113647322_3303130457166381.0,3303130457166380.0,5,1,0,0,0,More,Utilitarian,Utilitarian,More,Less,0.0,5,1,0,Desktop,0.0,1.0,BRA,0.0,1,0,0,0,1,0,1,0,0,0,0,0,0,0,0,0,2,0,0
22BAfk8u3Gb9jYHsX,2113647322_3303130457166381.0,3303130457166380.0,5,0,0,1,0,Less,Utilitarian,Utilitarian,More,Less,0.0,4,1,1,Desktop,0.0,0.0,BRA,0.0,1,0,0,0,1,0,1,0,0,0,0,0,0,0,0,0,1,0,0
22BAjwc7ypaugCHEv,2086795843_5792657951058504.0,5792657951058500.0,9,0,1,0,1,More,Utilitarian,Utilitarian,More,Less,1.0,5,1,1,Desktop,0.0,1.0,CAN,0.0,1,1,0,0,0,1,0,1,1,0,0,0,0,0,0,0,0,0,0
22BAjwc7ypaugCHEv,2086795843_5792657951058504.0,5792657951058500.0,9,1,1,0,2,Less,Utilitarian,Utilitarian,More,Less,1.0,4,1,0,Desktop,0.0,0.0,CAN,0.0,1,1,0,0,0,1,0,1,0,0,0,0,0,0,0,0,0,0,0
22BBGcQETqwRspAgo,-155997722_2818065852028182.0,2818065852028180.0,6,0,0,0,2,Rand,Random,Random,,,,5,2,0,Mobile,0.0,0.0,USA,0.0,0,0,0,0,0,1,0,0,2,0,0,0,0,1,0,0,0,0,1
22BBGcQETqwRspAgo,-155997722_2818065852028182.0,2818065852028180.0,6,1,0,1,0,Rand,Random,Random,,,,3,2,1,Mobile,0.0,1.0,USA,0.0,0,0,0,0,0,0,0,0,0,1,0,1,0,1,0,0,0,0,0
22BEdXdv4YGSNwjxF,299384854_6705593087315233.0,6705593087315230.0,11,0,0,0,0,Old,Age,Age,Young,Old,0.0,5,0,1,Desktop,0.0,0.0,CHE,0.0,1,0,0,2,2,0,0,0,0,0,0,0,0,0,0,0,0,0,0
22BEdXdv4YGSNwjxF,299384854_6705593087315233.0,6705593087315230.0,11,1,0,1,0,Young,Age,Age,Young,Old,0.0,5,0,0,Desktop,0.0,1.0,CHE,2.0,2,0,0,0,0,0,1,0,0,0,0,0,0,0,0,0,0,0,0
22BGRmcKWj24G7cBj,1751067569_1198345072145574.0,1198345072145570.0,3,0,0,1,0,High,Social Status,Social Status,High,Low,1.0,3,0,1,Desktop,1.0,0.0,SGP,2.0,1,0,0,0,0,0,0,0,0,0,0,0,0,0,0,0,0,0,0
22BHPdogzNET992Zu,1197118032_9125352396044602.0,9125352396044600.0,2,0,0,1,0,Hoomans,Species,Species,Hoomans,Pets,1.0,4,0,1,Mobile,0.0,1.0,USA,0.0,1,0,0,1,0,1,0,1,0,0,0,0,0,0,0,0,0,0,0
22BHPdogzNET992Zu,1197118032_9125352396044602.0,9125352396044600.0,2,1,0,0,0,Pets,Species,Species,Hoomans,Pets,1.0,4,0,0,Mobile,0.0,0.0,USA,0.0,0,0,0,0,0,0,0,0,0,0,0,0,0,0,0,0,0,1,3
22BJcduAoGaLDhMX9,1420185188_6929694378276987.0,6929694378276990.0,10,0,1,0,0,Male,Gender,Gender,Male,Female,1.0,3,0,0,Desktop,1.0,1.0,BRA,0.0,0,0,0,0,0,1,0,0,0,1,0,0,0,0,1,0,0,0,0
22BJcduAoGaLDhMX9,1420185188_6929694378276987.0,6929694378276990.0,10,1,1,0,0,Female,Gender,Gender,Male,Female,1.0,3,0,1,Desktop,1.0,0.0,BRA,0.0,0,0,0,0,0,0,1,0,1,0,0,0,0,1,0,0,0,0,0
22BPFK6FJA7KQzTKu,-270187873_6928345782112975.0,6928345782112980.0,6,0,0,0,2,Female,Gender,Gender,Male,Female,0.0,2,0,0,Desktop,1.0,1.0,GBR,0.0,0,0,0,0,0,0,1,0,1,0,0,0,0,0,0,0,0,0,0
22BPFK6FJA7KQzTKu,-270187873_6928345782112975.0,6928345782112980.0,6,1,0,1,0,Male,Gender,Gender,Male,Female,0.0,2,0,1,Desktop,1.0,0.0,GBR,0.0,0,0,0,0,0,1,0,0,0,1,0,0,0,0,0,0,0,0,0
22BRz7oCgXC9mDJmy,-1662757301_5134729046921072.0,5134729046921070.0,2,1,0,0,0,More,Utilitarian,Utilitarian,More,Less,0.0,5,1,1,Desktop,0.0,1.0,USA,0.0,1,0,2,0,0,0,0,1,1,0,0,0,0,0,0,0,0,0,0
22BRz7oCgXC9mDJmy,-1662757301_5134729046921072.0,5134729046921070.0,2,0,0,1,0,Less,Utilitarian,Utilitarian,More,Less,0.0,4,1,0,Desktop,0.0,0.0,USA,0.0,1,0,2,0,0,0,0,0,1,0,0,0,0,0,0,0,0,0,0
22BS9HQbM9SS4LADs,161080023_6057523331356074.0,6057523331356080.0,9,0,1,0,0,Hoomans,Species,Species,Hoomans,Pets,1.0,3,0,1,Desktop,0.0,1.0,FRA,0.0,0,0,0,0,0,0,0,1,0,1,0,0,0,0,0,1,0,0,0
22BS9HQbM9SS4LADs,161080023_6057523331356074.0,6057523331356080.0,9,1,1,0,0,Pets,Species,Species,Hoomans,Pets,1.0,3,0,0,Desktop,0.0,0.0,FRA,0.0,0,0,0,0,0,0,0,0,0,0,0,0,0,0,0,0,0,1,2
22BSb5vzyoeu2csFZ,-2057390477_171517308543305.0,171517308543305.0,12,0,1,0,2,Hoomans,Species,Species,Hoomans,Pets,1.0,5,0,0,Desktop,1.0,0.0,USA,0.0,0,1,0,0,0,0,0,0,0,0,0,1,1,1,0,0,1,0,0
22BSb5vzyoeu2csFZ,-2057390477_171517308543305.0,171517308543305.0,12,1,1,0,1,Pets,Species,Species,Hoomans,Pets,1.0,5,0,1,Desktop,1.0,1.0,USA,0.0,0,0,0,0,0,0,0,0,0,0,0,0,0,0,0,0,0,2,3
22BWytFgFkXxrviBZ,-1530921651_2860744724888427.0,2860744724888430.0,13,0,0,0,1,Fit,Fitness,Fitness,Fit,Fat,1.0,5,0,1,Desktop,1.0,0.0,USA,0.0,0,0,0,0,0,0,0,0,0,0,0,0,0,1,4,0,0,0,0
22BWytFgFkXxrviBZ,-1530921651_2860744724888427.0,2860744724888430.0,13,1,0,1,0,Fat,Fitness,Fitness,Fit,Fat,1.0,5,0,0,Desktop,1.0,1.0,USA,3.0,1,0,0,0,0,0,0,0,0,1,0,0,0,0,0,0,0,0,0
22BZu8QAcAxpuk3kJ,-1610191311_3601101718952610.0,3601101718952610.0,7,0,1,0,0,Female,Gender,Gender,Male,Female,0.0,5,0,1,Desktop,1.0,1.0,IND,0.0,1,0,0,0,0,0,1,0,1,0,0,0,0,1,0,1,0,0,0
22BZu8QAcAxpuk3kJ,-1610191311_3601101718952610.0,3601101718952610.0,7,1,1,0,0,Male,Gender,Gender,Male,Female,0.0,5,0,0,Desktop,1.0,0.0,IND,1.0,0,0,0,0,0,1,0,0,0,1,0,0,0,0,1,0,1,0,0
22BbDjmgcfsZBpR6B,-1691644248_8474694981717243.0,8474694981717240.0,12,1,0,1,0,Male,Gender,Gender,Male,Female,0.0,3,0,1,Desktop,0.0,1.0,USA,0.0,0,0,0,2,0,0,0,0,0,0,0,0,0,0,1,0,0,0,0
22BbDjmgcfsZBpR6B,-1691644248_8474694981717243.0,8474694981717240.0,12,0,0,0,1,Female,Gender,Gender,Male,Female,0.0,3,0,0,Desktop,0.0,0.0,USA,0.0,0,0,0,0,2,0,0,0,0,0,0,0,0,1,0,0,0,0,0
22BbtbP9NR4oSQ9v6,396850813_5367260987133567.0,5367260987133570.0,2,0,1,0,0,Male,Gender,Gender,Male,Female,1.0,3,0,0,Desktop,0.0,0.0,ITA,0.0,0,0,0,0,0,0,0,0,0,1,0,1,0,0,1,0,0,0,0
22BbtbP9NR4oSQ9v6,396850813_5367260987133567.0,5367260987133570.0,2,1,1,0,0,Female,Gender,Gender,Male,Female,1.0,3,0,1,Desktop,0.0,1.0,ITA,0.0,0,0,0,0,0,0,0,0,1,0,0,0,1,1,0,0,0,0,0
22BcPPdhmErYwDvyf,-1129072343_18284149851037.0,18284149851037.0,8,0,0,0,1,Fit,Fitness,Fitness,Fit,Fat,1.0,3,0,1,Desktop,0.0,0.0,ROU,2.0,0,0,0,0,0,0,0,0,0,0,0,0,0,0,1,0,0,0,0
22BcPPdhmErYwDvyf,-1129072343_18284149851037.0,18284149851037.0,8,1,0,1,0,Fat,Fitness,Fitness,Fit,Fat,1.0,3,0,0,Desktop,0.0,1.0,ROU,0.0,0,0,0,0,0,0,0,0,0,3,0,0,0,0,0,0,0,0,0
22BcTZe5hEZTQKBPP,1398663242_2277327881653036.0,2277327881653040.0,13,0,1,0,0,Young,Age,Age,Young,Old,1.0,1,0,1,Mobile,0.0,1.0,JPN,0.0,0,0,0,0,0,1,0,0,0,0,0,0,0,0,0,0,0,0,0
22BcTZe5hEZTQKBPP,1398663242_2277327881653036.0,2277327881653040.0,13,1,1,0,0,Old,Age,Age,Young,Old,1.0,1,0,0,Mobile,0.0,0.0,JPN,0.0,0,0,0,1,0,0,0,0,0,0,0,0,0,0,0,0,0,0,0
22Bd7hYmhhQ9SuCRv,1636576059_9901867923326790.0,9901867923326790.0,5,1,1,0,1,Female,Gender,Gender,Male,Female,1.0,1,0,1,Mobile,0.0,0.0,BRA,0.0,0,0,0,0,0,0,0,0,0,0,0,0,1,0,0,0,0,0,0
22Bd7hYmhhQ9SuCRv,1636576059_9901867923326790.0,9901867923326790.0,5,0,1,0,2,Male,Gender,Gender,Male,Female,1.0,1,0,0,Mobile,0.0,1.0,BRA,0.0,0,0,0,0,0,0,0,0,0,0,0,1,0,0,0,0,0,0,0
22BeXTPwAnJSYLz5s,2025098960_2707901116386841.0,2707901116386840.0,1,1,1,0,2,More,Utilitarian,Utilitarian,More,Less,0.0,5,4,1,Mobile,0.0,0.0,DEU,0.0,0,1,0,0,0,0,1,0,0,1,0,0,0,0,0,2,0,0,0
22BeXTPwAnJSYLz5s,2025098960_2707901116386841.0,2707901116386840.0,1,0,1,0,1,Less,Utilitarian,Utilitarian,More,Less,0.0,1,4,0,Mobile,0.0,1.0,DEU,0.0,0,0,0,0,0,0,0,0,0,0,0,0,0,0,0,1,0,0,0
22Bh85vTMEYWTdmPG,-399935198_5116926456104456.0,5116926456104460.0,9,1,0,0,1,Male,Gender,Gender,Male,Female,0.0,5,0,1,Mobile,0.0,0.0,ITA,3.0,0,0,0,1,0,1,0,0,0,0,0,0,0,0,0,0,0,0,0
22Bh85vTMEYWTdmPG,-399935198_5116926456104456.0,5116926456104460.0,9,0,0,1,0,Female,Gender,Gender,Male,Female,0.0,5,0,0,Mobile,0.0,1.0,ITA,0.0,3,0,0,0,1,0,1,0,0,0,0,0,0,0,0,0,0,0,0
22BhPnTLgvANSHcYZ,1758204909_1205136662697783.0,1205136662697780.0,12,0,1,0,2,Fat,Fitness,Fitness,Fit,Fat,0.0,1,0,0,Desktop,0.0,0.0,RUS,0.0,0,0,0,0,0,0,0,0,0,1,0,0,0,0,0,0,0,0,0
22BhPnTLgvANSHcYZ,1758204909_1205136662697783.0,1205136662697780.0,12,1,1,0,1,Fit,Fitness,Fitness,Fit,Fat,0.0,1,0,1,Desktop,0.0,1.0,RUS,0.0,0,0,0,0,0,0,0,0,0,0,0,0,0,0,1,0,0,0,0
22BhvaC8HoGrX3EeT,266148652_6972771567411578.0,6972771567411580.0,1,1,0,1,0,Hoomans,Species,Species,Hoomans,Pets,0.0,5,0,1,Desktop,1.0,0.0,SGP,0.0,1,0,0,0,0,0,1,0,0,0,0,1,0,0,0,1,1,0,0
22BhvaC8HoGrX3EeT,266148652_6972771567411578.0,6972771567411580.0,1,0,0,0,1,Pets,Species,Species,Hoomans,Pets,0.0,5,0,0,Desktop,1.0,1.0,SGP,0.0,0,0,0,0,0,0,0,0,0,0,0,0,0,0,0,0,0,4,1
22BhxZYGrE8dXYhce,1691611384_5759756234248705.0,5759756234248710.0,4,1,1,0,1,Fit,Fitness,Fitness,Fit,Fat,0.0,1,0,1,Desktop,0.0,0.0,USA,0.0,0,0,0,0,0,0,0,0,0,0,0,0,0,1,0,0,0,0,0
22BhxZYGrE8dXYhce,1691611384_5759756234248705.0,5759756234248710.0,4,0,1,0,2,Fat,Fitness,Fitness,Fit,Fat,0.0,1,0,0,Desktop,1.0,1.0,USA,0.0,0,0,0,0,0,0,0,0,1,0,0,0,0,0,0,0,0,0,0
22BkGcERXmek8NGq3,-1991192136_2923998766274629.0,2923998766274630.0,2,1,1,0,2,Pets,Species,Species,Hoomans,Pets,1.0,5,0,0,Desktop,0.0,0.0,RUS,0.0,0,0,0,0,0,0,0,0,0,0,0,0,0,0,0,0,0,1,4
22BkGcERXmek8NGq3,-1991192136_2923998766274629.0,2923998766274630.0,2,0,1,0,1,Hoomans,Species,Species,Hoomans,Pets,1.0,5,0,1,Desktop,0.0,1.0,RUS,0.0,0,1,1,0,0,1,1,0,0,0,0,1,0,0,0,0,0,0,0
22Bm9BzrctLAhaY3Q,1457813526_4606991288660440.0,4606991288660440.0,1,0,1,0,0,Less,Utilitarian,Utilitarian,More,Less,0.0,2,3,0,Desktop,1.0,1.0,AUS,0.0,0,0,0,0,0,0,0,0,0,0,0,0,0,1,0,0,0,0,1
22Bm9BzrctLAhaY3Q,1457813526_4606991288660440.0,4606991288660440.0,1,1,1,0,0,More,Utilitarian,Utilitarian,More,Less,0.0,5,3,1,Desktop,1.0,0.0,AUS,1.0,0,0,0,0,1,0,0,0,0,0,0,0,1,1,0,0,0,0,1
22Bn7rZgpYSvbL5gM,1150857067_4894317329872226.0,4894317329872230.0,2,1,0,1,0,Fit,Fitness,Fitness,Fit,Fat,0.0,3,0,0,Desktop,0.0,1.0,NLD,0.0,0,0,0,0,0,0,0,0,0,0,0,0,0,1,2,0,0,0,0
22Bn7rZgpYSvbL5gM,1150857067_4894317329872226.0,4894317329872230.0,2,0,0,0,1,Fat,Fitness,Fitness,Fit,Fat,0.0,3,0,1,Desktop,0.0,0.0,NLD,2.0,0,0,0,0,0,0,0,0,1,0,0,0,0,0,0,0,0,0,0
22BoqFXkfLyvhGmz9,197473776_462957716390284.0,462957716390284.0,9,1,0,0,2,Rand,Random,Random,,,,4,1,1,Mobile,0.0,0.0,SWE,0.0,0,0,0,1,0,0,0,0,0,1,0,0,0,0,0,1,0,1,0
22BoqFXkfLyvhGmz9,197473776_462957716390284.0,462957716390284.0,9,0,0,1,0,Rand,Random,Random,,,,5,1,0,Mobile,0.0,1.0,SWE,0.0,0,0,0,0,0,0,0,0,0,1,2,0,1,0,0,1,0,0,0
22BresEC5nNKncWna,-425378297_1989559448590780.0,1989559448590780.0,11,1,0,0,2,Less,Utilitarian,Utilitarian,More,Less,1.0,3,2,0,Mobile,0.0,0.0,FRA,0.0,0,0,0,1,0,0,1,0,0,0,0,0,1,0,0,0,0,0,0
22BresEC5nNKncWna,-425378297_1989559448590780.0,1989559448590780.0,11,0,0,1,0,More,Utilitarian,Utilitarian,More,Less,1.0,5,2,1,Mobile,0.0,1.0,FRA,0.0,0,0,0,1,0,0,1,0,0,0,0,1,1,0,0,0,0,0,1
22BsD6YASnpvQK8Bn,-1478834509_4721472388834054.0,4721472388834050.0,9,0,1,0,2,Fat,Fitness,Fitness,Fit,Fat,0.0,2,0,0,Desktop,1.0,1.0,USA,0.0,0,0,0,0,0,0,0,0,2,0,0,0,0,0,0,0,0,0,0
22BsD6YASnpvQK8Bn,-1478834509_4721472388834054.0,4721472388834050.0,9,1,1,0,1,Fit,Fitness,Fitness,Fit,Fat,0.0,2,0,1,Desktop,1.0,0.0,USA,0.0,0,0,0,0,0,0,0,0,0,0,0,0,0,2,0,0,0,0,0
22BsKiYC3t7kXNSkt,513381126_9800425725520640.0,9800425725520640.0,12,0,0,1,0,Hoomans,Species,Species,Hoomans,Pets,1.0,1,0,1,Desktop,0.0,1.0,BRA,0.0,0,0,0,0,0,0,0,0,0,0,0,0,0,1,0,0,0,0,0
22BsKiYC3t7kXNSkt,513381126_9800425725520640.0,9800425725520640.0,12,1,0,0,0,Pets,Species,Species,Hoomans,Pets,1.0,1,0,0,Desktop,1.0,0.0,BRA,0.0,0,0,0,0,0,0,0,0,0,0,0,0,0,0,0,0,0,0,1
22BsbxyxDs3ptR3Q3,-2147297390_8206457376183196.0,8206457376183200.0,12,0,1,0,0,Pets,Species,Species,Hoomans,Pets,0.0,4,0,0,Mobile,0.0,0.0,DEU,0.0,0,0,0,0,0,0,0,0,0,0,0,0,0,0,0,0,0,3,1
22BsbxyxDs3ptR3Q3,-2147297390_8206457376183196.0,8206457376183200.0,12,1,1,0,0,Hoomans,Species,Species,Hoomans,Pets,0.0,4,0,1,Mobile,0.0,1.0,DEU,0.0,0,2,0,0,0,0,0,0,0,0,0,1,0,0,0,1,0,0,0
22BzAzyqcubszeBqg,-1009134539_2441161934630604.0,2441161934630600.0,10,0,0,0,1,Rand,Random,Random,,,,3,2,1,Desktop,0.0,0.0,FRA,1.0,0,0,0,0,0,0,0,0,0,1,0,0,1,0,0,0,0,0,0
22BzAzyqcubszeBqg,-1009134539_2441161934630604.0,2441161934630600.0,10,1,0,1,0,Rand,Random,Random,,,,1,2,0,Desktop,0.0,1.0,FRA,0.0,0,0,0,0,0,0,0,0,0,0,1,0,0,0,0,0,0,0,0
22C2nRRGxSLapa8ed,1951287572_9292597875286762.0,9292597875286760.0,9,1,0,1,0,Fat,Fitness,Fitness,Fit,Fat,1.0,5,0,1,Desktop,1.0,0.0,GBR,2.0,0,0,0,0,0,0,0,0,2,1,0,0,0,0,0,0,0,0,0
22C2nRRGxSLapa8ed,1951287572_9292597875286762.0,9292597875286760.0,9,0,0,0,2,Fit,Fitness,Fitness,Fit,Fat,1.0,5,0,0,Desktop,1.0,1.0,GBR,0.0,1,0,0,0,0,0,0,0,0,0,0,0,0,1,3,0,0,0,0
22C4it2LuKDAgnddz,1908284150_2491168605951583.0,2491168605951580.0,9,0,0,0,0,Fat,Fitness,Fitness,Fit,Fat,0.0,4,0,0,Mobile,0.0,1.0,BRA,1.0,2,0,0,0,0,0,0,0,1,0,0,0,0,0,0,0,0,0,0
22C4it2LuKDAgnddz,1908284150_2491168605951583.0,2491168605951580.0,9,1,0,1,0,Fit,Fitness,Fitness,Fit,Fat,0.0,4,0,1,Mobile,0.0,0.0,BRA,0.0,0,0,0,0,0,0,0,0,0,0,0,0,0,3,1,0,0,0,0
22C8YQMbKnbWds7N9,-4865810_7708820840366298.0,7708820840366301.0,5,1,1,0,2,Young,Age,Age,Young,Old,0.0,2,0,1,Mobile,0.0,1.0,USA,1.0,0,0,0,0,0,0,1,0,0,0,0,0,0,0,0,0,0,0,0
22C8YQMbKnbWds7N9,-4865810_7708820840366298.0,7708820840366301.0,5,0,1,0,1,Old,Age,Age,Young,Old,0.0,2,0,0,Mobile,0.0,0.0,USA,0.0,1,0,0,1,0,0,0,0,0,0,0,0,0,0,0,0,0,0,0
22CD6cTzgjRnqB7ND,99686994_7722095053831008.0,7722095053831010.0,5,0,0,0,2,More,Utilitarian,Utilitarian,More,Less,1.0,5,3,0,Desktop,1.0,0.0,USA,0.0,1,0,0,1,0,0,0,1,0,0,1,0,0,0,0,0,1,0,0
22CD6cTzgjRnqB7ND,99686994_7722095053831008.0,7722095053831010.0,5,1,0,1,0,Less,Utilitarian,Utilitarian,More,Less,1.0,2,3,1,Desktop,1.0,1.0,USA,0.0,1,0,0,0,0,0,0,0,0,0,0,0,0,0,0,0,1,0,0
22CE8jZ48b9qKaQcx,-695773050_3963191761170834.0,3963191761170830.5,1,0,0,0,2,High,Social Status,Social Status,High,Low,1.0,5,0,0,Desktop,0.0,1.0,USA,2.0,3,0,0,0,0,0,0,0,0,0,0,0,0,0,0,0,0,0,0
22CEwChFx6WEm4Whm,255256370_3950743673528472.0,3950743673528470.5,12,1,0,1,0,Rand,Random,Random,,,,2,0,1,Desktop,1.0,0.0,GBR,0.0,0,1,0,0,0,0,0,0,0,0,0,0,1,0,0,0,0,0,0
22CEwChFx6WEm4Whm,255256370_3950743673528472.0,3950743673528470.5,12,0,0,0,2,Rand,Random,Random,,,,2,0,0,Desktop,1.0,1.0,GBR,0.0,0,0,0,0,0,0,0,0,0,0,0,0,0,0,1,1,0,0,0
22CFFHXM9gcQ48evw,-2132021333_8981712164711573.0,8981712164711570.0,4,1,1,0,0,Pets,Species,Species,Hoomans,Pets,1.0,3,0,0,Desktop,0.0,1.0,SVK,0.0,0,0,0,0,0,0,0,0,0,0,0,0,0,0,0,0,0,2,1
22CFFHXM9gcQ48evw,-2132021333_8981712164711573.0,8981712164711570.0,4,0,1,0,0,Hoomans,Species,Species,Hoomans,Pets,1.0,3,0,1,Desktop,0.0,0.0,SVK,0.0,0,0,1,1,0,0,0,0,0,0,0,0,0,0,0,0,1,0,0
22CFHjhJHAksNm56Y,1945321427_2051768673118204.0,2051768673118200.0,12,1,1,0,0,More,Utilitarian,Utilitarian,More,Less,0.0,5,1,1,Desktop,0.0,1.0,CAN,0.0,0,0,0,1,0,0,0,0,1,0,0,0,0,0,0,2,0,1,0
22CFHjhJHAksNm56Y,1945321427_2051768673118204.0,2051768673118200.0,12,0,1,0,0,Less,Utilitarian,Utilitarian,More,Less,0.0,4,1,0,Desktop,0.0,0.0,CAN,0.0,0,0,0,1,0,0,0,0,1,0,0,0,0,0,0,2,0,0,0
22CFLxpa9K2CGckyN,-1565570899_1963185726459383.0,1963185726459380.0,8,1,1,0,1,More,Utilitarian,Utilitarian,More,Less,0.0,5,2,1,Mobile,0.0,1.0,BRA,0.0,0,1,0,0,0,3,0,0,0,0,0,0,0,0,0,1,0,0,0
22CFLxpa9K2CGckyN,-1565570899_1963185726459383.0,1963185726459380.0,8,0,1,0,2,Less,Utilitarian,Utilitarian,More,Less,0.0,3,2,0,Mobile,0.0,0.0,BRA,0.0,0,0,0,0,0,2,0,0,0,0,0,0,0,0,0,1,0,0,0
22CHgJqvuuyGLZbsN,-782461649_6873173946042036.0,6873173946042040.0,12,0,0,0,0,Less,Utilitarian,Utilitarian,More,Less,0.0,2,3,0,Desktop,0.0,1.0,USA,0.0,0,0,0,0,0,0,0,0,0,0,0,0,0,1,0,0,0,1,0
22CHgJqvuuyGLZbsN,-782461649_6873173946042036.0,6873173946042040.0,12,1,0,1,0,More,Utilitarian,Utilitarian,More,Less,0.0,5,3,1,Desktop,0.0,0.0,USA,0.0,0,0,0,0,0,0,0,0,0,0,1,0,0,1,0,0,1,2,0
22CJJndXjPu4pQjxd,1728530946_8802095855658973.0,8802095855658970.0,2,1,1,0,1,High,Social Status,Social Status,High,Low,0.0,3,0,1,Mobile,0.0,1.0,BRA,0.0,1,0,0,0,0,0,0,0,0,0,0,1,1,0,0,0,0,0,0
22CKBsytnKyf4wgdG,-40103015_2564121181156405.0,2564121181156410.0,10,0,0,0,2,Fit,Fitness,Fitness,Fit,Fat,1.0,3,0,0,Desktop,1.0,1.0,USA,0.0,1,0,0,0,0,0,0,0,0,0,0,0,0,2,0,0,0,0,0
22CKBsytnKyf4wgdG,-40103015_2564121181156405.0,2564121181156410.0,10,1,0,1,0,Fat,Fitness,Fitness,Fit,Fat,1.0,3,0,1,Desktop,1.0,0.0,USA,0.0,1,0,0,0,0,0,0,0,2,0,0,0,0,0,0,0,0,0,0
22CKmGoyuJ5CatFRY,-935411219_6868583666611658.0,6868583666611660.0,12,0,0,0,2,Fit,Fitness,Fitness,Fit,Fat,1.0,1,0,0,Desktop,0.0,0.0,GBR,1.0,0,0,0,0,0,0,0,0,0,0,0,0,0,0,0,0,0,0,0
22CKmGoyuJ5CatFRY,-935411219_6868583666611658.0,6868583666611660.0,12,1,0,1,0,Fat,Fitness,Fitness,Fit,Fat,1.0,1,0,1,Desktop,0.0,1.0,GBR,0.0,0,0,0,0,0,0,0,0,0,1,0,0,0,0,0,0,0,0,0
22CPAWiJusgufaaik,1255351554_6706299810863408.0,6706299810863410.0,8,0,0,0,0,Male,Gender,Gender,Male,Female,1.0,3,0,0,Desktop,1.0,0.0,USA,0.0,0,0,0,0,0,0,0,0,0,2,0,0,0,0,0,0,1,0,0
22CPAWiJusgufaaik,1255351554_6706299810863408.0,6706299810863410.0,8,1,0,1,0,Female,Gender,Gender,Male,Female,1.0,3,0,1,Desktop,1.0,1.0,USA,0.0,0,0,0,0,0,0,0,0,2,0,0,0,0,0,0,1,0,0,0
22CPyesm5MgqRfpoA,-137710575_9972730885854648.0,9972730885854650.0,9,0,1,0,0,Old,Age,Age,Young,Old,0.0,2,0,0,Desktop,0.0,0.0,HKG,0.0,0,0,0,1,1,0,0,0,0,0,0,0,0,0,0,0,0,0,0
22CPyesm5MgqRfpoA,-137710575_9972730885854648.0,9972730885854650.0,9,1,1,0,0,Young,Age,Age,Young,Old,0.0,2,0,1,Desktop,0.0,1.0,HKG,1.0,1,0,0,0,0,0,0,0,0,0,0,0,0,0,0,0,0,0,0
22CQFrTBBDsAsT2Qm,-1456856199_1888670258373623.0,1888670258373620.0,2,1,1,0,1,High,Social Status,Social Status,High,Low,0.0,4,0,1,Desktop,1.0,1.0,POL,2.0,1,0,0,0,0,0,0,0,0,0,0,0,1,0,0,0,0,0,0
22CQhdJ8nMuYw8NsN,-262436680_7256306319298225.0,7256306319298230.0,6,1,0,0,2,Rand,Random,Random,,,,1,3,1,Desktop,0.0,1.0,RUS,0.0,0,0,1,0,0,0,0,0,0,0,0,0,0,0,0,0,0,0,0
22CQhdJ8nMuYw8NsN,-262436680_7256306319298225.0,7256306319298230.0,6,0,0,1,0,Rand,Random,Random,,,,4,3,0,Desktop,0.0,0.0,RUS,0.0,0,0,0,0,0,0,2,0,0,0,1,0,0,0,0,0,1,0,0
22CRHEF8m8szzc9zJ,-115303862_797991620163791.0,797991620163791.0,3,1,0,1,0,Rand,Random,Random,,,,5,4,0,Mobile,0.0,0.0,BEL,1.0,0,0,0,0,1,0,0,0,0,1,0,0,0,0,0,2,0,0,0
22CRHEF8m8szzc9zJ,-115303862_797991620163791.0,797991620163791.0,3,0,0,0,2,Rand,Random,Random,,,,1,4,1,Mobile,0.0,1.0,BEL,0.0,0,1,0,0,0,0,0,0,0,0,0,0,0,0,0,0,0,0,0
22CT73xXM86JeZv8v,-1931444770_1349072552864956.0,1349072552864960.0,10,1,1,0,1,Female,Gender,Gender,Male,Female,1.0,4,0,1,Desktop,0.0,1.0,CAN,0.0,0,0,0,0,0,0,0,0,0,0,0,0,0,2,0,2,0,0,0
22CT73xXM86JeZv8v,-1931444770_1349072552864956.0,1349072552864960.0,10,0,1,0,2,Male,Gender,Gender,Male,Female,1.0,4,0,0,Desktop,0.0,0.0,CAN,0.0,0,0,0,0,0,0,0,0,0,0,0,0,0,0,2,0,2,0,0
22CWboxxnHjauFKFg,614274495_4067688809111285.0,4067688809111289.5,6,0,0,0,0,Old,Age,Age,Young,Old,0.0,3,0,1,Mobile,0.0,1.0,BRA,2.0,0,0,0,1,0,0,0,0,0,0,0,0,0,0,0,0,0,0,0
22CWboxxnHjauFKFg,614274495_4067688809111285.0,4067688809111289.5,6,1,0,1,0,Young,Age,Age,Young,Old,0.0,3,0,0,Mobile,0.0,0.0,BRA,1.0,0,0,0,0,0,2,0,0,0,0,0,0,0,0,0,0,0,0,0
22CX5EJofbqgxigKg,-1558977159_6564446833663660.0,6564446833663660.0,13,0,0,0,2,More,Utilitarian,Utilitarian,More,Less,1.0,5,3,1,Mobile,0.0,1.0,RUS,0.0,0,0,1,0,0,0,1,0,0,0,0,2,0,0,0,1,0,0,0
22CX5EJofbqgxigKg,-1558977159_6564446833663660.0,6564446833663660.0,13,1,0,1,0,Less,Utilitarian,Utilitarian,More,Less,1.0,2,3,0,Mobile,0.0,0.0,RUS,0.0,0,0,0,0,0,0,0,0,0,0,0,2,0,0,0,0,0,0,0
22CYbZgQRBmo9C4MH,-797139423_6355358826091995.0,6355358826092000.0,12,1,0,1,0,Male,Gender,Gender,Male,Female,0.0,2,0,0,Desktop,0.0,1.0,USA,0.0,0,0,0,0,0,0,0,0,0,1,0,0,0,0,0,0,1,0,0
22CYbZgQRBmo9C4MH,-797139423_6355358826091995.0,6355358826092000.0,12,0,0,0,2,Female,Gender,Gender,Male,Female,0.0,2,0,1,Desktop,0.0,0.0,USA,0.0,0,0,0,0,0,0,0,0,1,0,0,0,0,0,0,1,0,0,0
22CaYua7RTbGi6GxY,1624755317_8909517940303036.0,8909517940303040.0,11,0,0,1,0,Hoomans,Species,Species,Hoomans,Pets,1.0,2,0,1,Desktop,1.0,1.0,BRA,0.0,0,0,0,0,0,0,0,1,0,0,0,0,0,0,0,1,0,0,0
22CaYua7RTbGi6GxY,1624755317_8909517940303036.0,8909517940303040.0,11,1,0,0,0,Pets,Species,Species,Hoomans,Pets,1.0,2,0,0,Desktop,1.0,0.0,BRA,0.0,0,0,0,0,0,0,0,0,0,0,0,0,0,0,0,0,0,1,1
22CadkGZaxvHmt6aC,-602133031_4482744504873637.0,4482744504873640.0,1,1,0,0,0,Fat,Fitness,Fitness,Fit,Fat,1.0,2,0,1,Desktop,1.0,0.0,TUR,1.0,0,0,0,0,0,0,0,0,1,0,0,0,0,0,0,0,0,0,0
22CadkGZaxvHmt6aC,-602133031_4482744504873637.0,4482744504873640.0,1,0,0,1,0,Fit,Fitness,Fitness,Fit,Fat,1.0,2,0,0,Desktop,1.0,1.0,TUR,0.0,1,0,0,0,0,0,0,0,0,0,0,0,0,0,1,0,0,0,0
22CbrzxyowAmrGn8R,-886845644_3160948969889432.0,3160948969889430.0,6,0,0,0,0,Fat,Fitness,Fitness,Fit,Fat,0.0,2,0,0,Mobile,0.0,1.0,FIN,2.0,0,0,0,0,0,0,0,0,0,0,0,0,0,0,0,0,0,0,0
22CbrzxyowAmrGn8R,-886845644_3160948969889432.0,3160948969889430.0,6,1,0,1,0,Fit,Fitness,Fitness,Fit,Fat,0.0,2,0,1,Mobile,0.0,0.0,FIN,0.0,0,0,0,0,0,0,0,0,0,0,0,0,0,0,2,0,0,0,0
22CbyDmDidHmiDfSs,1863499247_5003763248966872.0,5003763248966870.0,8,0,1,0,0,Hoomans,Species,Species,Hoomans,Pets,1.0,5,0,1,Mobile,0.0,1.0,USA,0.0,1,0,0,0,0,0,0,0,0,1,0,0,1,0,1,0,1,0,0
22CbyDmDidHmiDfSs,1863499247_5003763248966872.0,5003763248966870.0,8,1,1,0,0,Pets,Species,Species,Hoomans,Pets,1.0,5,0,0,Mobile,0.0,0.0,USA,0.0,0,0,0,0,0,0,0,0,0,0,0,0,0,0,0,0,0,2,3
22CesSFhHD3Bw2rFv,-1819796143_5563820162788033.0,5563820162788030.0,12,1,0,0,2,Hoomans,Species,Species,Hoomans,Pets,0.0,5,0,1,Desktop,1.0,1.0,NZL,0.0,1,0,0,0,0,1,0,0,0,0,1,1,0,0,0,1,0,0,0
22CesSFhHD3Bw2rFv,-1819796143_5563820162788033.0,5563820162788030.0,12,0,0,1,0,Pets,Species,Species,Hoomans,Pets,0.0,5,0,0,Desktop,1.0,0.0,NZL,0.0,0,0,0,0,0,0,0,0,0,0,0,0,0,0,0,0,0,1,4
22CfiEdi8QYPTP8EB,-201360420_4888388662065903.0,4888388662065900.0,9,1,0,1,0,Hoomans,Species,Species,Hoomans,Pets,0.0,2,0,1,Mobile,0.0,0.0,GBR,0.0,0,0,0,0,1,0,0,0,0,0,0,0,0,1,0,0,0,0,0
22CfiEdi8QYPTP8EB,-201360420_4888388662065903.0,4888388662065900.0,9,0,0,0,0,Pets,Species,Species,Hoomans,Pets,0.0,2,0,0,Mobile,0.0,1.0,GBR,0.0,0,0,0,0,0,0,0,0,0,0,0,0,0,0,0,0,0,1,1
22Chc6e5ynhpdZDWY,-2001096452_7985684434459195.0,7985684434459200.0,6,1,1,0,1,Less,Utilitarian,Utilitarian,More,Less,1.0,4,1,1,Desktop,1.0,1.0,ROU,0.0,0,0,1,0,1,0,0,0,0,0,0,0,1,0,0,1,0,0,0
22Chc6e5ynhpdZDWY,-2001096452_7985684434459195.0,7985684434459200.0,6,0,1,0,2,More,Utilitarian,Utilitarian,More,Less,1.0,5,1,0,Desktop,1.0,0.0,ROU,0.0,0,0,2,0,1,0,0,0,0,0,0,0,1,0,0,1,0,0,0
22CiQu4sNb7TuMWkG,-791863950_148388219094075.0,148388219094075.0,9,1,1,0,0,Male,Gender,Gender,Male,Female,0.0,2,0,0,Desktop,1.0,1.0,USA,0.0,0,0,0,1,0,0,0,0,0,0,0,0,0,0,0,0,1,0,0
22CiQu4sNb7TuMWkG,-791863950_148388219094075.0,148388219094075.0,9,0,1,0,0,Female,Gender,Gender,Male,Female,0.0,2,0,1,Desktop,1.0,0.0,USA,0.0,0,0,0,0,1,0,0,0,0,0,0,0,0,0,0,1,0,0,0
22CjYGCWx5JhqsgRz,-208431717_2529286795634868.0,2529286795634870.0,11,1,0,1,0,Female,Gender,Gender,Male,Female,1.0,3,0,0,Desktop,1.0,0.0,SWE,0.0,0,0,0,0,0,0,1,0,1,0,0,0,0,1,0,0,0,0,0
22CjYGCWx5JhqsgRz,-208431717_2529286795634868.0,2529286795634870.0,11,0,0,0,0,Male,Gender,Gender,Male,Female,1.0,3,0,1,Desktop,1.0,1.0,SWE,0.0,0,0,0,0,0,1,0,0,0,1,0,0,0,0,1,0,0,0,0
22CnELdRdGosHSQ76,367663106_8521025798108448.0,8521025798108450.0,11,1,0,0,0,More,Utilitarian,Utilitarian,More,Less,0.0,5,4,1,Desktop,0.0,0.0,RUS,0.0,1,1,0,0,0,0,0,0,0,1,0,0,1,0,0,0,0,0,1
22CnELdRdGosHSQ76,367663106_8521025798108448.0,8521025798108450.0,11,0,0,1,0,Less,Utilitarian,Utilitarian,More,Less,0.0,1,4,0,Desktop,0.0,1.0,RUS,0.0,0,1,0,0,0,0,0,0,0,0,0,0,0,0,0,0,0,0,0
22CnrqJJxDRKkGQSg,-410987065_6966715724979509.0,6966715724979510.0,12,0,1,0,0,Male,Gender,Gender,Male,Female,1.0,3,0,0,Mobile,0.0,1.0,RUS,0.0,0,0,0,0,0,2,0,0,0,1,0,0,0,0,0,0,0,0,0
22CnrqJJxDRKkGQSg,-410987065_6966715724979509.0,6966715724979510.0,12,1,1,0,0,Female,Gender,Gender,Male,Female,1.0,3,0,1,Mobile,0.0,0.0,RUS,0.0,0,0,0,0,0,0,2,0,1,0,0,0,0,0,0,0,0,0,0
22CoT2b2Gd2NqEiNk,-804889545_9525507655688928.0,9525507655688930.0,9,0,1,0,0,Old,Age,Age,Young,Old,0.0,3,0,0,Desktop,1.0,1.0,MNE,1.0,0,0,0,2,0,0,0,0,0,0,0,0,0,0,0,0,0,0,0
22CoT2b2Gd2NqEiNk,-804889545_9525507655688928.0,9525507655688930.0,9,1,1,0,0,Young,Age,Age,Young,Old,0.0,3,0,1,Desktop,1.0,0.0,MNE,2.0,0,0,0,0,0,1,0,0,0,0,0,0,0,0,0,0,0,0,0
22CojoXdon5QGTuMb,1152157958_50111943720203.0,50111943720203.0,6,0,1,0,1,Rand,Random,Random,,,,4,2,0,Desktop,0.0,0.0,DEU,0.0,0,1,1,1,0,0,0,0,0,0,0,0,0,0,0,0,1,0,0
22CojoXdon5QGTuMb,1152157958_50111943720203.0,50111943720203.0,6,1,1,0,2,Rand,Random,Random,,,,2,2,1,Desktop,0.0,1.0,DEU,0.0,0,0,0,0,0,0,0,0,0,0,0,0,0,0,0,0,1,1,0
22CqT9u5KpwtiC9Jp,744762488_5762284769229320.0,5762284769229320.0,3,1,1,0,0,Female,Gender,Gender,Male,Female,1.0,5,0,0,Desktop,1.0,1.0,BRA,0.0,3,0,0,0,0,0,0,0,0,0,0,0,1,1,0,0,0,0,0
22CqT9u5KpwtiC9Jp,744762488_5762284769229320.0,5762284769229320.0,3,0,1,0,0,Male,Gender,Gender,Male,Female,1.0,5,0,1,Desktop,1.0,0.0,BRA,3.0,0,0,0,0,0,0,0,0,0,0,0,1,0,0,1,0,0,0,0
22CrBkk6LeFoP3hpK,148235432_3183639911708438.0,3183639911708440.0,6,0,1,0,1,Young,Age,Age,Young,Old,1.0,5,0,1,Desktop,1.0,1.0,FRA,0.0,4,0,0,0,0,1,0,0,0,0,0,0,0,0,0,0,0,0,0
22CrBkk6LeFoP3hpK,148235432_3183639911708438.0,3183639911708440.0,6,1,1,0,2,Old,Age,Age,Young,Old,1.0,5,0,0,Desktop,1.0,0.0,FRA,0.0,0,0,0,1,4,0,0,0,0,0,0,0,0,0,0,0,0,0,0
22CrwH4Q6JYaSfFMW,1502011668_3809534394871857.0,3809534394871860.0,5,0,1,0,0,Male,Gender,Gender,Male,Female,1.0,2,0,0,Desktop,0.0,1.0,SWE,1.0,0,0,0,0,0,0,0,0,0,1,0,0,0,0,0,0,0,0,0
22CrwH4Q6JYaSfFMW,1502011668_3809534394871857.0,3809534394871860.0,5,1,1,0,0,Female,Gender,Gender,Male,Female,1.0,2,0,1,Desktop,0.0,0.0,SWE,0.0,1,0,0,0,0,0,0,0,1,0,0,0,0,0,0,0,0,0,0
22CwNdgswSRDAnHt7,1468028306_8209278514856289.0,8209278514856290.0,1,0,0,1,0,Less,Utilitarian,Utilitarian,More,Less,0.0,1,4,0,Desktop,0.0,1.0,SWE,0.0,0,0,0,0,0,0,0,0,0,0,0,0,0,0,0,0,0,1,0
22CwNdgswSRDAnHt7,1468028306_8209278514856289.0,8209278514856290.0,1,1,0,0,0,More,Utilitarian,Utilitarian,More,Less,0.0,5,4,1,Desktop,0.0,0.0,SWE,0.0,0,0,0,0,0,0,0,0,0,0,0,0,0,2,0,1,1,1,0
22D2vWYq4C4JaZNyw,-581750992_8776116732582071.0,8776116732582070.0,5,0,0,1,0,More,Utilitarian,Utilitarian,More,Less,1.0,5,1,1,Mobile,0.0,0.0,IDN,0.0,1,1,0,0,0,0,0,1,0,0,0,0,0,1,0,0,0,1,0
22D2vWYq4C4JaZNyw,-581750992_8776116732582071.0,8776116732582070.0,5,1,0,0,0,Less,Utilitarian,Utilitarian,More,Less,1.0,4,1,0,Mobile,0.0,1.0,IDN,0.0,1,1,0,0,0,0,0,1,0,0,0,0,0,1,0,0,0,0,0
22D394gnu7LyRSPJz,-627618291_1857424466213051.0,1857424466213050.0,9,1,1,0,0,Rand,Random,Random,,,,2,0,0,Desktop,0.0,1.0,USA,0.0,1,0,0,0,0,0,0,0,0,0,0,0,0,1,0,0,0,0,0
22D394gnu7LyRSPJz,-627618291_1857424466213051.0,1857424466213050.0,9,0,1,0,0,Rand,Random,Random,,,,2,0,1,Desktop,0.0,0.0,USA,0.0,0,2,0,0,0,0,0,0,0,0,0,0,0,0,0,0,0,0,0
22D57NN5BZB6aimJf,1665429618_4109462616508554.0,4109462616508550.5,10,1,0,1,0,Rand,Random,Random,,,,3,0,0,Desktop,1.0,1.0,RUS,0.0,0,0,0,0,0,0,0,0,0,0,1,0,0,0,1,0,0,0,1
22D57NN5BZB6aimJf,1665429618_4109462616508554.0,4109462616508550.5,10,0,0,0,1,Rand,Random,Random,,,,3,0,1,Desktop,1.0,0.0,RUS,0.0,0,0,0,0,0,0,1,1,0,0,0,0,0,0,0,1,0,0,0
22D5hpsrAbXjmjigp,988770009_2149111127550185.0,2149111127550190.0,6,1,1,0,0,Less,Utilitarian,Utilitarian,More,Less,1.0,3,2,0,Desktop,1.0,1.0,SWE,0.0,0,0,0,0,0,0,0,1,1,1,0,0,0,0,0,0,0,0,0
22D5hpsrAbXjmjigp,988770009_2149111127550185.0,2149111127550190.0,6,0,1,0,0,More,Utilitarian,Utilitarian,More,Less,1.0,5,2,1,Desktop,1.0,0.0,SWE,0.0,0,0,0,0,1,0,0,1,1,1,0,0,0,1,0,0,0,0,0
22D67Ptq7worXzamH,-1722916772_554520417233947.0,554520417233947.0,4,1,0,1,0,Rand,Random,Random,,,,3,2,1,Desktop,1.0,1.0,USA,0.0,0,0,0,0,0,0,0,0,1,0,0,0,1,0,0,0,1,0,0
22D67Ptq7worXzamH,-1722916772_554520417233947.0,554520417233947.0,4,0,0,0,2,Rand,Random,Random,,,,1,2,0,Desktop,1.0,0.0,USA,0.0,1,0,0,0,0,0,0,0,0,0,0,0,0,0,0,0,0,0,0
22D6MogHGHAcmpX7n,-1245468652_2756283019235510.0,2756283019235510.0,1,0,1,0,0,Less,Utilitarian,Utilitarian,More,Less,0.0,1,4,0,Desktop,0.0,1.0,CAN,0.0,0,0,0,0,0,0,0,0,0,0,0,0,0,0,0,0,1,0,0
22D6MogHGHAcmpX7n,-1245468652_2756283019235510.0,2756283019235510.0,1,1,1,0,0,More,Utilitarian,Utilitarian,More,Less,0.0,5,4,1,Desktop,0.0,0.0,CAN,0.0,0,0,1,0,0,0,0,0,0,0,1,0,0,1,0,0,2,0,0
22D7aWCsCnSSHGvro,-724576606_4441484355831799.0,4441484355831800.0,10,0,0,1,0,More,Utilitarian,Utilitarian,More,Less,1.0,5,2,1,Desktop,1.0,0.0,BRA,0.0,0,0,0,0,0,0,0,0,0,0,1,2,0,0,0,0,0,1,1
22D7aWCsCnSSHGvro,-724576606_4441484355831799.0,4441484355831800.0,10,1,0,0,2,Less,Utilitarian,Utilitarian,More,Less,1.0,3,2,0,Desktop,0.0,1.0,BRA,0.0,0,0,0,0,0,0,0,0,0,0,0,2,0,0,0,0,0,1,0
22D9DqqeQtChYfXGk,1174348524_3467013646334613.0,3467013646334610.0,2,1,0,0,0,Fat,Fitness,Fitness,Fit,Fat,1.0,2,0,0,Desktop,1.0,1.0,ESP,0.0,0,0,0,0,0,0,0,0,1,1,0,0,0,0,0,0,0,0,0
22D9DqqeQtChYfXGk,1174348524_3467013646334613.0,3467013646334610.0,2,0,0,1,0,Fit,Fitness,Fitness,Fit,Fat,1.0,2,0,1,Desktop,1.0,0.0,ESP,0.0,1,0,0,0,0,0,0,0,0,0,0,0,0,0,1,0,0,0,0
22D9wuBfnztxuKfEQ,-799482559_5069915413247840.0,5069915413247840.0,10,0,0,1,0,Young,Age,Age,Young,Old,1.0,4,0,0,Mobile,0.0,1.0,JPN,1.0,1,0,0,0,0,1,1,0,0,0,0,0,0,0,0,0,0,0,0
22D9wuBfnztxuKfEQ,-799482559_5069915413247840.0,5069915413247840.0,10,1,0,0,0,Old,Age,Age,Young,Old,1.0,4,0,1,Mobile,0.0,0.0,JPN,0.0,0,0,0,2,2,0,0,0,0,0,0,0,0,0,0,0,0,0,0
22DCWjw5Etnp3Xmko,1242648374_5444419126722477.0,5444419126722480.0,2,0,1,0,0,Old,Age,Age,Young,Old,0.0,2,0,0,Desktop,0.0,1.0,USA,1.0,1,0,0,0,0,0,0,0,0,0,0,0,0,0,0,0,0,0,0
22DCWjw5Etnp3Xmko,1242648374_5444419126722477.0,5444419126722480.0,2,1,1,0,0,Young,Age,Age,Young,Old,0.0,2,0,1,Desktop,0.0,0.0,USA,0.0,0,0,0,0,0,1,1,0,0,0,0,0,0,0,0,0,0,0,0
22DF2NmTZLTs8NQ65,-933870003_5349536013439462.0,5349536013439460.0,7,0,1,0,1,Fit,Fitness,Fitness,Fit,Fat,1.0,4,0,1,Desktop,0.0,0.0,JPN,1.0,0,0,0,0,0,0,0,0,0,0,0,0,0,1,2,0,0,0,0
22DF2NmTZLTs8NQ65,-933870003_5349536013439462.0,5349536013439460.0,7,1,1,0,2,Fat,Fitness,Fitness,Fit,Fat,1.0,4,0,0,Desktop,0.0,1.0,JPN,1.0,1,0,0,0,0,0,0,0,0,2,0,0,0,0,0,0,0,0,0
22DF9QCujfdgqykt9,-1952302170_1496316519175127.0,1496316519175130.0,2,0,1,0,0,Young,Age,Age,Young,Old,1.0,5,0,1,Desktop,0.0,0.0,POL,2.0,3,0,0,0,0,0,0,0,0,0,0,0,0,0,0,0,0,0,0
22DF9QCujfdgqykt9,-1952302170_1496316519175127.0,1496316519175130.0,2,1,1,0,0,Old,Age,Age,Young,Old,1.0,5,0,0,Desktop,1.0,1.0,POL,0.0,0,0,0,2,3,0,0,0,0,0,0,0,0,0,0,0,0,0,0
22DHALAkbgTsgpMAD,1350587151_4582883726267277.0,4582883726267280.0,10,0,0,0,0,Young,Age,Age,Young,Old,1.0,5,0,1,Desktop,1.0,1.0,USA,1.0,1,0,0,0,0,2,1,0,0,0,0,0,0,0,0,0,0,0,0
22DHALAkbgTsgpMAD,1350587151_4582883726267277.0,4582883726267280.0,10,1,0,1,0,Old,Age,Age,Young,Old,1.0,5,0,0,Desktop,1.0,0.0,USA,1.0,0,0,0,2,2,0,0,0,0,0,0,0,0,0,0,0,0,0,0
22DJ8DBdJkFphzwLK,708389230_692021435604451.0,692021435604451.0,2,0,1,0,2,Hoomans,Species,Species,Hoomans,Pets,1.0,5,0,1,Mobile,1.0,1.0,POL,1.0,0,0,1,0,0,0,0,0,0,0,1,0,0,0,1,0,1,0,0
22DJ8DBdJkFphzwLK,708389230_692021435604451.0,692021435604451.0,2,1,1,0,1,Pets,Species,Species,Hoomans,Pets,1.0,5,0,0,Mobile,0.0,0.0,POL,0.0,0,0,0,0,0,0,0,0,0,0,0,0,0,0,0,0,0,1,4
22DK3cxvboCuT3Atn,267800526_421189731596189.0,421189731596189.0,1,0,0,1,0,High,Social Status,Social Status,High,Low,1.0,3,0,1,Mobile,1.0,1.0,USA,2.0,1,0,0,0,0,0,0,0,0,0,0,0,0,0,0,0,0,0,0
22DKbhrwnpLwcvJXc,1827989853_9905574522920692.0,9905574522920690.0,3,0,0,1,0,Rand,Random,Random,,,,1,3,0,Desktop,1.0,0.0,BRA,0.0,0,0,0,0,0,0,0,0,0,0,0,0,0,0,0,0,1,0,0
22DKbhrwnpLwcvJXc,1827989853_9905574522920692.0,9905574522920690.0,3,1,0,0,2,Rand,Random,Random,,,,4,3,1,Desktop,1.0,1.0,BRA,0.0,0,0,1,1,0,0,0,0,1,0,1,0,0,0,0,0,0,0,0
22DKxXMHaddpuPFdq,-21851330_2713375116747856.0,2713375116747860.0,2,1,0,1,0,Rand,Random,Random,,,,3,0,1,Desktop,1.0,0.0,JPN,0.0,0,1,0,0,0,0,0,0,1,0,0,0,0,0,1,0,0,0,0
22DKxXMHaddpuPFdq,-21851330_2713375116747856.0,2713375116747860.0,2,0,0,0,2,Rand,Random,Random,,,,3,0,0,Desktop,0.0,1.0,JPN,0.0,0,0,0,0,0,0,0,1,0,0,0,1,0,0,0,0,0,0,1
22DKyy5wgYCH9SNFm,1874419705_2361423671962555.0,2361423671962560.0,6,0,0,0,0,Female,Gender,Gender,Male,Female,0.0,4,0,1,Desktop,0.0,0.0,DEU,0.0,1,0,0,0,0,0,2,0,0,0,0,0,0,0,0,1,0,0,0
22DKyy5wgYCH9SNFm,1874419705_2361423671962555.0,2361423671962560.0,6,1,0,1,0,Male,Gender,Gender,Male,Female,0.0,4,0,0,Desktop,0.0,1.0,DEU,1.0,0,0,0,0,0,2,0,0,0,0,0,0,0,0,0,0,1,0,0
22DM66eNuwT8TSp6F,1496055673_9732372815289008.0,9732372815289010.0,1,0,1,0,2,Young,Age,Age,Young,Old,1.0,1,0,0,Desktop,0.0,1.0,USA,0.0,0,0,0,0,0,1,0,0,0,0,0,0,0,0,0,0,0,0,0
22DM66eNuwT8TSp6F,1496055673_9732372815289008.0,9732372815289010.0,1,1,1,0,1,Old,Age,Age,Young,Old,1.0,1,0,1,Desktop,0.0,0.0,USA,0.0,0,0,0,1,0,0,0,0,0,0,0,0,0,0,0,0,0,0,0
22DN6kqWShaGdZB84,754417508_7223658014672114.0,7223658014672120.0,3,1,1,0,2,Female,Gender,Gender,Male,Female,1.0,2,0,1,Desktop,0.0,1.0,USA,0.0,0,0,0,0,0,0,0,0,1,0,0,0,1,0,0,0,0,0,0
22DN6kqWShaGdZB84,754417508_7223658014672114.0,7223658014672120.0,3,0,1,0,1,Male,Gender,Gender,Male,Female,1.0,2,0,0,Desktop,0.0,0.0,USA,0.0,0,0,0,0,0,0,0,0,0,1,0,1,0,0,0,0,0,0,0
22DN78bArf2pugx5w,1706657070_6688876253626996.0,6688876253627000.0,1,0,1,0,0,Young,Age,Age,Young,Old,1.0,4,0,0,Desktop,1.0,1.0,JPN,3.0,0,0,0,0,0,0,1,0,0,0,0,0,0,0,0,0,0,0,0
22DN78bArf2pugx5w,1706657070_6688876253626996.0,6688876253627000.0,1,1,1,0,0,Old,Age,Age,Young,Old,1.0,4,0,1,Desktop,1.0,0.0,JPN,0.0,1,0,0,3,0,0,0,0,0,0,0,0,0,0,0,0,0,0,0
22DP8pAymvbrsN6N4,-1026325956_4580462889607397.0,4580462889607400.0,7,0,0,0,2,Male,Gender,Gender,Male,Female,1.0,1,0,0,Desktop,1.0,1.0,AUT,0.0,0,0,0,0,0,0,0,0,0,1,0,0,0,0,0,0,0,0,0
22DP8pAymvbrsN6N4,-1026325956_4580462889607397.0,4580462889607400.0,7,1,0,1,0,Female,Gender,Gender,Male,Female,1.0,1,0,1,Desktop,1.0,0.0,AUT,0.0,0,0,0,0,0,0,0,0,1,0,0,0,0,0,0,0,0,0,0
22DQF6ZGWr3a8BpPZ,-758979414_3796471560564722.0,3796471560564720.0,6,0,0,0,2,Pets,Species,Species,Hoomans,Pets,0.0,2,0,0,Desktop,0.0,1.0,TUR,0.0,0,0,0,0,0,0,0,0,0,0,0,0,0,0,0,0,0,1,1
22DQF6ZGWr3a8BpPZ,-758979414_3796471560564722.0,3796471560564720.0,6,1,0,1,0,Hoomans,Species,Species,Hoomans,Pets,0.0,2,0,1,Desktop,0.0,0.0,TUR,0.0,0,0,0,0,0,0,0,0,0,0,1,1,0,0,0,0,0,0,0
22DR8EX92CjzDYu6R,-271185050_9059699124196204.0,9059699124196210.0,9,0,1,0,1,Fit,Fitness,Fitness,Fit,Fat,1.0,1,0,1,Desktop,1.0,0.0,BRA,0.0,1,0,0,0,0,0,0,0,0,0,0,0,0,0,0,0,0,0,0
22DR8EX92CjzDYu6R,-271185050_9059699124196204.0,9059699124196210.0,9,1,1,0,2,Fat,Fitness,Fitness,Fit,Fat,1.0,1,0,0,Desktop,1.0,1.0,BRA,0.0,0,0,0,0,0,0,0,0,1,0,0,0,0,0,0,0,0,0,0
22DSt4WSssPT37CkQ,-40044471_8197008599591483.0,8197008599591480.0,13,1,0,0,1,Old,Age,Age,Young,Old,1.0,5,0,1,Desktop,0.0,0.0,FRA,0.0,1,0,0,2,2,0,0,0,0,0,0,0,0,0,0,0,0,0,0
22DSt4WSssPT37CkQ,-40044471_8197008599591483.0,8197008599591480.0,13,0,0,1,0,Young,Age,Age,Young,Old,1.0,5,0,0,Desktop,0.0,1.0,FRA,2.0,1,0,0,0,0,0,2,0,0,0,0,0,0,0,0,0,0,0,0
22DWdShD5NSZqezcx,-630913638_8572539409838005.0,8572539409838010.0,11,1,0,1,0,Fit,Fitness,Fitness,Fit,Fat,0.0,1,0,0,Mobile,0.0,1.0,ESP,0.0,0,0,0,0,0,0,0,0,0,0,0,0,0,0,1,0,0,0,0
22DWdShD5NSZqezcx,-630913638_8572539409838005.0,8572539409838010.0,11,0,0,0,1,Fat,Fitness,Fitness,Fit,Fat,0.0,1,0,1,Mobile,0.0,0.0,ESP,0.0,0,0,0,0,0,0,0,0,0,1,0,0,0,0,0,0,0,0,0
22DWqfezJcoaJBb5u,-227747141_3442906209859018.0,3442906209859020.0,3,1,0,0,0,More,Utilitarian,Utilitarian,More,Less,0.0,5,1,0,Desktop,0.0,0.0,FRA,0.0,0,0,0,1,1,0,0,0,0,2,1,0,0,0,0,0,0,0,0
22DWqfezJcoaJBb5u,-227747141_3442906209859018.0,3442906209859020.0,3,0,0,1,0,Less,Utilitarian,Utilitarian,More,Less,0.0,4,1,1,Desktop,0.0,1.0,FRA,0.0,0,0,0,1,0,0,0,0,0,2,1,0,0,0,0,0,0,0,0
22DYWnerwMPQQQnCm,1654165313_8157484436147042.0,8157484436147040.0,13,0,1,0,1,High,Social Status,Social Status,High,Low,1.0,2,0,1,Mobile,0.0,1.0,DEU,0.0,1,0,0,0,0,0,0,0,0,0,0,1,0,0,0,0,0,0,0
22DZhkvh5t2xFFars,1107960734_531349700479863.0,531349700479863.0,6,0,0,0,2,Low,Social Status,Social Status,High,Low,0.0,5,0,0,Desktop,1.0,0.0,USA,0.0,2,0,0,0,0,0,0,3,0,0,0,0,0,0,0,0,0,0,0
22DZsgq7NMFRP6KuG,958255416_451455672799414.0,451455672799414.0,5,1,1,0,1,Fit,Fitness,Fitness,Fit,Fat,0.0,5,0,1,Mobile,0.0,0.0,ITA,1.0,1,0,0,0,0,0,0,0,0,0,0,0,0,0,3,0,0,0,0
22DZsgq7NMFRP6KuG,958255416_451455672799414.0,451455672799414.0,5,0,1,0,2,Fat,Fitness,Fitness,Fit,Fat,0.0,5,0,0,Mobile,0.0,1.0,ITA,3.0,0,0,0,0,0,0,0,0,1,1,0,0,0,0,0,0,0,0,0
22DaA8uJLcqYtuwMY,-204122359_3314537741807970.0,3314537741807970.0,5,0,0,0,0,Old,Age,Age,Young,Old,0.0,3,0,1,Desktop,0.0,0.0,USA,0.0,1,0,0,0,2,0,0,0,0,0,0,0,0,0,0,0,0,0,0
22DaA8uJLcqYtuwMY,-204122359_3314537741807970.0,3314537741807970.0,5,1,0,1,0,Young,Age,Age,Young,Old,0.0,3,0,0,Desktop,0.0,1.0,USA,0.0,2,0,0,0,0,0,1,0,0,0,0,0,0,0,0,0,0,0,0
22DaLYSBNjJr9qFeP,-1039701096_262386202100862.0,262386202100862.0,10,1,1,0,1,Male,Gender,Gender,Male,Female,0.0,1,0,0,Mobile,0.0,1.0,USA,0.0,0,0,0,0,0,0,0,0,0,0,0,1,0,0,0,0,0,0,0
22DaLYSBNjJr9qFeP,-1039701096_262386202100862.0,262386202100862.0,10,0,1,0,2,Female,Gender,Gender,Male,Female,0.0,1,0,1,Mobile,0.0,0.0,USA,0.0,0,0,0,0,0,0,0,0,0,0,0,0,1,0,0,0,0,0,0
22Db36caHB55uo5jH,-1287019798_5476102216305043.0,5476102216305040.0,6,1,0,1,0,Less,Utilitarian,Utilitarian,More,Less,1.0,1,4,0,Desktop,1.0,1.0,ISR,0.0,0,0,0,0,0,0,0,0,0,0,0,0,0,1,0,0,0,0,0
22Db36caHB55uo5jH,-1287019798_5476102216305043.0,5476102216305040.0,6,0,0,0,1,More,Utilitarian,Utilitarian,More,Less,1.0,5,4,1,Desktop,1.0,0.0,ISR,1.0,0,0,0,0,0,0,0,0,0,0,1,0,0,1,1,0,1,0,0
22DbW79ZWhTFRu2SG,-899422497_6479712373545783.0,6479712373545780.0,11,1,0,0,1,High,Social Status,Social Status,High,Low,0.0,3,0,0,Mobile,0.0,1.0,ITA,0.0,1,0,0,0,0,0,0,0,0,0,0,2,0,0,0,0,0,0,0
22Dbrvz8RNEMfw4jB,-590809044_2449191559989865.0,2449191559989870.0,13,0,0,0,0,More,Utilitarian,Utilitarian,More,Less,1.0,5,4,0,Mobile,0.0,0.0,IND,0.0,1,0,0,0,0,1,0,0,0,1,1,0,0,0,0,0,1,0,0
22Dbrvz8RNEMfw4jB,-590809044_2449191559989865.0,2449191559989870.0,13,1,0,1,0,Less,Utilitarian,Utilitarian,More,Less,1.0,1,4,1,Mobile,0.0,1.0,IND,0.0,0,0,0,0,0,0,0,0,0,1,0,0,0,0,0,0,0,0,0
22DdXCpXsSiwBF6eW,-148035469_6143751037715377.0,6143751037715380.0,13,0,1,0,2,Less,Utilitarian,Utilitarian,More,Less,0.0,3,2,0,Desktop,1.0,1.0,BRA,0.0,1,0,0,0,0,0,0,0,0,1,0,0,0,0,1,0,0,0,0
22DdXCpXsSiwBF6eW,-148035469_6143751037715377.0,6143751037715380.0,13,1,1,0,1,More,Utilitarian,Utilitarian,More,Less,0.0,5,2,1,Desktop,1.0,0.0,BRA,0.0,2,0,0,0,0,0,0,0,0,1,0,0,0,0,1,0,1,0,0
22De6q2rPiGx4t5yi,-997319979_3293856970914814.0,3293856970914810.0,4,1,0,1,0,Less,Utilitarian,Utilitarian,More,Less,1.0,2,3,0,Desktop,0.0,0.0,USA,0.0,0,0,0,0,0,0,0,0,0,0,0,1,0,0,0,0,1,0,0
22De6q2rPiGx4t5yi,-997319979_3293856970914814.0,3293856970914810.0,4,0,0,0,1,More,Utilitarian,Utilitarian,More,Less,1.0,5,3,1,Desktop,0.0,1.0,USA,0.0,0,1,0,0,0,0,0,0,0,0,0,1,1,0,1,0,1,0,0
22Devufe2YaipyB3u,-364417548_9408929126802832.0,9408929126802830.0,6,1,1,0,2,Fit,Fitness,Fitness,Fit,Fat,0.0,4,0,0,Desktop,0.0,1.0,BRA,0.0,1,0,0,0,0,0,0,0,0,0,0,0,0,0,3,0,0,0,0
22Devufe2YaipyB3u,-364417548_9408929126802832.0,9408929126802830.0,6,0,1,0,1,Fat,Fitness,Fitness,Fit,Fat,0.0,4,0,1,Desktop,0.0,0.0,BRA,2.0,0,0,0,0,0,0,0,0,1,1,0,0,0,0,0,0,0,0,0
22Dg7A8idJDmM6wB9,-891874212_682235187850892.0,682235187850892.0,8,0,0,0,2,Rand,Random,Random,,,,2,1,0,Mobile,0.0,1.0,AUS,0.0,0,0,0,0,0,1,0,0,0,0,0,0,0,1,0,0,0,0,0
22Dg7A8idJDmM6wB9,-891874212_682235187850892.0,682235187850892.0,8,1,0,1,0,Rand,Random,Random,,,,3,1,1,Mobile,0.0,0.0,AUS,1.0,0,1,1,0,0,0,0,0,0,0,0,0,0,0,0,0,0,0,0
22DiZcfzixCHyajFc,270926461_1869326870523138.0,1869326870523140.0,13,1,0,1,0,Rand,Random,Random,,,,4,0,1,Desktop,0.0,1.0,CAN,0.0,1,0,0,0,0,0,0,0,0,0,0,1,1,0,0,0,1,0,0
22DiZcfzixCHyajFc,270926461_1869326870523138.0,1869326870523140.0,13,0,0,0,2,Rand,Random,Random,,,,4,0,0,Desktop,0.0,0.0,CAN,0.0,0,0,0,1,0,0,2,0,0,0,0,0,0,0,0,0,0,1,0
22Dm9fPh2nfBBAjAt,1669912241_3919103119829634.0,3919103119829630.5,12,1,1,0,2,More,Utilitarian,Utilitarian,More,Less,0.0,5,4,1,Desktop,0.0,1.0,USA,0.0,0,0,0,0,0,0,0,1,1,1,0,0,1,0,0,0,0,0,1
22Dm9fPh2nfBBAjAt,1669912241_3919103119829634.0,3919103119829630.5,12,0,1,0,1,Less,Utilitarian,Utilitarian,More,Less,0.0,1,4,0,Desktop,0.0,0.0,USA,0.0,0,0,0,0,0,0,0,0,0,0,0,0,1,0,0,0,0,0,0
22DmMe6W6c8fNqvCF,-1054359602_392341071905373.0,392341071905373.0,6,0,0,0,2,Male,Gender,Gender,Male,Female,1.0,1,0,1,Desktop,0.0,1.0,SGP,1.0,0,0,0,0,0,0,0,0,0,0,0,0,0,0,0,0,0,0,0
22DmMe6W6c8fNqvCF,-1054359602_392341071905373.0,392341071905373.0,6,1,0,1,0,Female,Gender,Gender,Male,Female,1.0,1,0,0,Desktop,0.0,0.0,SGP,0.0,1,0,0,0,0,0,0,0,0,0,0,0,0,0,0,0,0,0,0
22DnyCKymmsGDcD2L,-614632311_2318581030302198.0,2318581030302200.0,3,1,1,0,1,Old,Age,Age,Young,Old,1.0,4,0,0,Desktop,1.0,0.0,USA,2.0,0,0,0,0,2,0,0,0,0,0,0,0,0,0,0,0,0,0,0
22DnyCKymmsGDcD2L,-614632311_2318581030302198.0,2318581030302200.0,3,0,1,0,2,Young,Age,Age,Young,Old,1.0,4,0,1,Desktop,1.0,1.0,USA,0.0,1,0,0,0,0,2,1,0,0,0,0,0,0,0,0,0,0,0,0
22DoMPFGXC2kguHNf,1726155766_9251556019326232.0,9251556019326230.0,9,1,1,0,2,Old,Age,Age,Young,Old,1.0,3,0,0,Mobile,0.0,0.0,BRA,0.0,0,0,0,1,2,0,0,0,0,0,0,0,0,0,0,0,0,0,0
22DoMPFGXC2kguHNf,1726155766_9251556019326232.0,9251556019326230.0,9,0,1,0,1,Young,Age,Age,Young,Old,1.0,3,0,1,Mobile,0.0,1.0,BRA,1.0,1,0,0,0,0,0,1,0,0,0,0,0,0,0,0,0,0,0,0
22DotzjiPhYXAZMvo,1794705208_4773780823266121.0,4773780823266120.0,6,1,1,0,0,Hoomans,Species,Species,Hoomans,Pets,0.0,4,0,1,Desktop,0.0,1.0,TUR,0.0,0,0,1,0,0,0,1,0,1,0,0,0,1,0,0,0,0,0,0
22DotzjiPhYXAZMvo,1794705208_4773780823266121.0,4773780823266120.0,6,0,1,0,0,Pets,Species,Species,Hoomans,Pets,0.0,4,0,0,Desktop,0.0,0.0,TUR,0.0,0,0,0,0,0,0,0,0,0,0,0,0,0,0,0,0,0,3,1
22DprMHWxgKf27zg5,-116084906_7922781741222296.0,7922781741222301.0,10,0,1,0,1,More,Utilitarian,Utilitarian,More,Less,1.0,5,1,1,Desktop,0.0,1.0,LTU,0.0,1,0,0,0,1,0,0,0,1,0,0,0,0,0,0,0,0,1,1
22DprMHWxgKf27zg5,-116084906_7922781741222296.0,7922781741222301.0,10,1,1,0,2,Less,Utilitarian,Utilitarian,More,Less,1.0,4,1,0,Desktop,0.0,0.0,LTU,0.0,1,0,0,0,1,0,0,0,0,0,0,0,0,0,0,0,0,1,1
22DqFsuatjwptp2QH,-1432656831_3385930388871676.0,3385930388871680.0,5,1,1,0,0,Young,Age,Age,Young,Old,0.0,3,0,1,Desktop,1.0,1.0,GBR,0.0,1,0,0,0,0,1,1,0,0,0,0,0,0,0,0,0,0,0,0
22DqFsuatjwptp2QH,-1432656831_3385930388871676.0,3385930388871680.0,5,0,1,0,0,Old,Age,Age,Young,Old,0.0,3,0,0,Desktop,1.0,0.0,GBR,0.0,1,0,0,1,1,0,0,0,0,0,0,0,0,0,0,0,0,0,0
22DqcT2d7BMkMvZeX,-1577105244_486514763092846.0,486514763092846.0,6,1,0,1,0,Fit,Fitness,Fitness,Fit,Fat,0.0,4,0,1,Desktop,1.0,0.0,USA,1.0,1,0,0,0,0,0,0,0,0,0,0,0,0,1,1,0,0,0,0
22DqcT2d7BMkMvZeX,-1577105244_486514763092846.0,486514763092846.0,6,0,0,0,0,Fat,Fitness,Fitness,Fit,Fat,0.0,4,0,0,Desktop,1.0,1.0,USA,0.0,1,0,0,0,0,0,0,0,1,2,0,0,0,0,0,0,0,0,0
22DrNNWAE3B2GGQ6S,1334262118_1116744080971359.0,1116744080971360.0,13,1,0,0,2,Hoomans,Random,Species,Hoomans,Pets,0.0,1,0,1,Desktop,1.0,1.0,AUS,0.0,0,0,0,0,0,0,0,0,0,1,0,0,0,0,0,0,0,0,0
22DrNNWAE3B2GGQ6S,1334262118_1116744080971359.0,1116744080971360.0,13,0,0,1,0,Pets,Random,Species,Hoomans,Pets,0.0,1,0,0,Desktop,1.0,0.0,AUS,0.0,0,0,0,0,0,0,0,0,0,0,0,0,0,0,0,0,0,1,0
22DsJgMpJ4E3PT6tS,-386646033_4727966129187217.0,4727966129187220.0,6,0,0,1,0,Fat,Fitness,Fitness,Fit,Fat,0.0,5,0,0,Desktop,0.0,1.0,GBR,1.0,2,0,0,0,0,0,0,0,2,0,0,0,0,0,0,0,0,0,0
22DsJgMpJ4E3PT6tS,-386646033_4727966129187217.0,4727966129187220.0,6,1,0,0,0,Fit,Fitness,Fitness,Fit,Fat,0.0,5,0,1,Desktop,0.0,0.0,GBR,0.0,1,0,0,0,0,0,0,0,0,0,0,0,0,3,1,0,0,0,0
22Dt75hmxDoTg5vNh,2136177240_6674979368368226.0,6674979368368230.0,13,0,0,1,0,Rand,Random,Random,,,,5,0,1,Desktop,1.0,1.0,ROU,0.0,0,0,0,1,1,0,0,0,0,1,0,0,1,0,1,0,0,0,0
22Dt75hmxDoTg5vNh,2136177240_6674979368368226.0,6674979368368230.0,13,1,0,0,1,Rand,Random,Random,,,,5,0,0,Desktop,1.0,0.0,ROU,0.0,1,0,1,0,0,0,0,0,0,0,0,0,1,0,0,0,2,0,0
22DtH5GrDxQE2stew,331149580_9717942421091844.0,9717942421091840.0,4,1,0,1,0,Less,Utilitarian,Utilitarian,More,Less,1.0,3,2,0,Desktop,0.0,0.0,BRA,0.0,0,0,0,0,1,0,0,0,0,0,0,0,1,0,0,1,0,0,0
22DtH5GrDxQE2stew,331149580_9717942421091844.0,9717942421091840.0,4,0,0,0,2,More,Utilitarian,Utilitarian,More,Less,1.0,5,2,1,Desktop,0.0,1.0,BRA,0.0,0,0,0,0,1,1,0,0,0,0,0,0,1,1,0,1,0,0,0
22DveeTQmSYzc5wsZ,1152496518_5085062965380123.0,5085062965380120.0,1,1,1,0,1,Male,Gender,Gender,Male,Female,0.0,1,0,1,Desktop,1.0,0.0,CAN,0.0,0,0,0,0,0,0,0,0,0,0,0,0,0,0,1,0,0,0,0
22DveeTQmSYzc5wsZ,1152496518_5085062965380123.0,5085062965380120.0,1,0,1,0,2,Female,Gender,Gender,Male,Female,0.0,1,0,0,Desktop,1.0,1.0,CAN,0.0,0,0,0,0,0,0,0,0,0,0,0,0,0,1,0,0,0,0,0
22DwwPEe2zKMFKsdy,1968512561_216411397049171.0,216411397049171.0,4,0,0,0,0,Old,Age,Age,Young,Old,0.0,3,0,0,Desktop,1.0,1.0,DEU,0.0,0,0,0,1,2,0,0,0,0,0,0,0,0,0,0,0,0,0,0
22DwwPEe2zKMFKsdy,1968512561_216411397049171.0,216411397049171.0,4,1,0,1,0,Young,Age,Age,Young,Old,0.0,3,0,1,Desktop,1.0,0.0,DEU,0.0,2,0,0,0,0,1,0,0,0,0,0,0,0,0,0,0,0,0,0
22Dyfvyj3sWgCCHQP,921390836_5014566821046174.0,5014566821046170.0,13,0,1,0,0,Male,Gender,Gender,Male,Female,1.0,3,0,0,Desktop,0.0,0.0,USA,0.0,0,0,0,0,0,1,0,0,0,1,0,0,0,0,0,0,1,0,0
22Dyfvyj3sWgCCHQP,921390836_5014566821046174.0,5014566821046170.0,13,1,1,0,0,Female,Gender,Gender,Male,Female,1.0,3,0,1,Desktop,1.0,1.0,USA,0.0,0,0,0,0,0,0,1,0,1,0,0,0,0,0,0,1,0,0,0
22Dyg6kZPHS2fHokB,-255666214_4685081791893615.0,4685081791893620.0,12,1,1,0,0,Fit,Fitness,Fitness,Fit,Fat,0.0,2,0,1,Desktop,0.0,1.0,UKR,0.0,1,0,0,0,0,0,0,0,0,0,0,0,0,1,0,0,0,0,0
22Dyg6kZPHS2fHokB,-255666214_4685081791893615.0,4685081791893620.0,12,0,1,0,0,Fat,Fitness,Fitness,Fit,Fat,0.0,2,0,0,Desktop,0.0,0.0,UKR,0.0,0,0,0,0,0,0,0,0,2,0,0,0,0,0,0,0,0,0,0
22DynLNLB7EjbZ2wa,379991278_3776358550555065.0,3776358550555070.5,11,1,0,1,0,Pets,Species,Species,Hoomans,Pets,1.0,3,0,0,Desktop,1.0,0.0,CAN,0.0,0,0,0,0,0,0,0,0,0,0,0,0,0,0,0,0,0,2,1
22DynLNLB7EjbZ2wa,379991278_3776358550555065.0,3776358550555070.5,11,0,0,0,2,Hoomans,Species,Species,Hoomans,Pets,1.0,3,0,1,Desktop,1.0,1.0,CAN,0.0,0,0,1,0,0,0,0,0,0,1,0,0,0,0,0,1,0,0,0
22E5gatzkAFg9zAcN,315319568_6859222753703438.0,6859222753703440.0,9,0,0,0,1,Rand,Random,Random,,,,2,2,1,Desktop,0.0,0.0,SRB,0.0,0,0,0,0,0,1,0,0,0,1,0,0,0,0,0,0,0,0,0
22E5gatzkAFg9zAcN,315319568_6859222753703438.0,6859222753703440.0,9,1,0,1,0,Rand,Random,Random,,,,4,2,0,Desktop,1.0,1.0,SRB,0.0,0,0,1,0,0,0,0,0,0,0,0,3,0,0,0,0,0,0,0
22E7r32DbRdQzNxZ7,417134304_9918451306110278.0,9918451306110280.0,5,1,1,0,2,Male,Gender,Gender,Male,Female,0.0,5,0,0,Desktop,1.0,1.0,ITA,1.0,0,0,0,0,0,0,0,0,0,2,0,1,0,0,0,0,1,0,0
22E7r32DbRdQzNxZ7,417134304_9918451306110278.0,9918451306110280.0,5,0,1,0,1,Female,Gender,Gender,Male,Female,0.0,5,0,1,Desktop,1.0,0.0,ITA,0.0,1,0,0,0,0,0,0,0,2,0,0,0,1,0,0,1,0,0,0
22E8LnqAazGnnhZTq,513771897_2276945089033515.0,2276945089033520.0,4,1,0,1,0,Male,Gender,Gender,Male,Female,0.0,1,0,1,Mobile,0.0,0.0,RUS,0.0,0,0,0,1,0,0,0,0,0,0,0,0,0,0,0,0,0,0,0
22E8LnqAazGnnhZTq,513771897_2276945089033515.0,2276945089033520.0,4,0,0,0,0,Female,Gender,Gender,Male,Female,0.0,1,0,0,Mobile,0.0,1.0,RUS,0.0,0,0,0,0,1,0,0,0,0,0,0,0,0,0,0,0,0,0,0
22E9MrHozwK2g2jJc,-1240243099_3085487298057094.0,3085487298057090.0,13,1,1,0,0,Hoomans,Species,Species,Hoomans,Pets,0.0,2,0,1,Desktop,0.0,1.0,AUS,0.0,0,0,0,0,0,0,0,0,0,0,0,0,0,0,2,0,0,0,0
22E9MrHozwK2g2jJc,-1240243099_3085487298057094.0,3085487298057090.0,13,0,1,0,0,Pets,Species,Species,Hoomans,Pets,0.0,2,0,0,Desktop,0.0,0.0,AUS,0.0,0,0,0,0,0,0,0,0,0,0,0,0,0,0,0,0,0,1,1
22EAZ2j6sNyW3ATJ4,2046331925_2809008702205755.0,2809008702205760.0,10,0,1,0,2,Old,Age,Age,Young,Old,0.0,2,0,0,Desktop,0.0,0.0,RUS,1.0,0,0,0,1,0,0,0,0,0,0,0,0,0,0,0,0,0,0,0
22EAZ2j6sNyW3ATJ4,2046331925_2809008702205755.0,2809008702205760.0,10,1,1,0,1,Young,Age,Age,Young,Old,0.0,2,0,1,Desktop,0.0,1.0,RUS,1.0,0,0,0,0,0,1,0,0,0,0,0,0,0,0,0,0,0,0,0
22EAZ3R4KaogqrzLQ,330368337_3640889679777206.0,3640889679777209.5,9,0,1,0,0,Old,Age,Age,Young,Old,0.0,4,0,0,Mobile,0.0,0.0,ITA,1.0,1,0,0,1,1,0,0,0,0,0,0,0,0,0,0,0,0,0,0
22EAZ3R4KaogqrzLQ,330368337_3640889679777206.0,3640889679777209.5,9,1,1,0,0,Young,Age,Age,Young,Old,0.0,4,0,1,Mobile,0.0,1.0,ITA,0.0,0,0,0,0,0,2,2,0,0,0,0,0,0,0,0,0,0,0,0
22EDvsFEa52FTqWo5,1956669530_7697469024118864.0,7697469024118870.0,7,0,1,0,2,Female,Gender,Gender,Male,Female,0.0,1,0,0,Desktop,1.0,1.0,HUN,0.0,0,0,0,0,0,0,0,0,0,0,0,0,1,0,0,0,0,0,0
22EDvsFEa52FTqWo5,1956669530_7697469024118864.0,7697469024118870.0,7,1,1,0,1,Male,Gender,Gender,Male,Female,0.0,1,0,1,Desktop,1.0,0.0,HUN,0.0,0,0,0,0,0,0,0,0,0,0,0,1,0,0,0,0,0,0,0
22EDy3qQEcKctzgJy,-590632385_6583344747252020.0,6583344747252020.0,13,1,1,0,2,High,Social Status,Social Status,High,Low,0.0,1,0,0,Desktop,0.0,0.0,GBR,1.0,0,0,0,0,0,0,0,0,0,0,0,0,0,0,0,0,0,0,0
22EGkPEo9s9ADSpL9,1746083077_5318896676341991.0,5318896676341990.0,12,1,0,1,0,Hoomans,Species,Species,Hoomans,Pets,0.0,5,0,1,Desktop,1.0,1.0,DEU,0.0,0,0,0,0,0,0,0,0,0,0,1,0,0,1,0,3,0,0,0
22EGkPEo9s9ADSpL9,1746083077_5318896676341991.0,5318896676341990.0,12,0,0,0,2,Pets,Species,Species,Hoomans,Pets,0.0,5,0,0,Desktop,1.0,0.0,DEU,0.0,0,0,0,0,0,0,0,0,0,0,0,0,0,0,0,0,0,1,4
22EH3SEYJKeMssCcJ,-1593155250_9249928383301364.0,9249928383301360.0,3,0,1,0,0,Old,Age,Age,Young,Old,0.0,5,0,0,Desktop,0.0,1.0,CAN,0.0,3,0,0,0,2,0,0,0,0,0,0,0,0,0,0,0,0,0,0
22EH3SEYJKeMssCcJ,-1593155250_9249928383301364.0,9249928383301360.0,3,1,1,0,0,Young,Age,Age,Young,Old,0.0,5,0,1,Desktop,0.0,0.0,CAN,0.0,2,0,0,0,0,0,3,0,0,0,0,0,0,0,0,0,0,0,0
22EJqw4cfJ9TmZova,1869922751_4563166303553683.0,4563166303553680.0,10,0,0,0,2,Rand,Random,Random,,,,4,1,0,Desktop,1.0,0.0,KOR,0.0,1,0,1,0,0,0,1,1,0,0,0,0,0,0,0,0,0,0,0
22EJqw4cfJ9TmZova,1869922751_4563166303553683.0,4563166303553680.0,10,1,0,1,0,Rand,Random,Random,,,,5,1,1,Desktop,1.0,1.0,KOR,0.0,1,0,1,0,2,0,0,0,0,0,0,0,0,0,0,1,0,0,0
22EKBEWDRS6DKFf5u,-1638520171_3381599990656844.0,3381599990656840.0,9,0,1,0,0,Hoomans,Species,Species,Hoomans,Pets,1.0,5,0,1,Mobile,0.0,1.0,USA,0.0,0,0,2,0,0,0,0,0,0,1,0,0,0,0,0,1,1,0,0
22EKBEWDRS6DKFf5u,-1638520171_3381599990656844.0,3381599990656840.0,9,1,1,0,0,Pets,Species,Species,Hoomans,Pets,1.0,5,0,0,Mobile,0.0,0.0,USA,0.0,0,0,0,0,0,0,0,0,0,0,0,0,0,0,0,0,0,0,5
22ELyfbZGHmBvyqYw,-1862982288_9651671902396384.0,9651671902396390.0,13,1,0,0,1,Rand,Random,Random,,,,1,3,0,Desktop,1.0,1.0,TUR,0.0,0,0,0,0,0,0,0,0,0,0,1,0,0,0,0,0,0,0,0
22ELyfbZGHmBvyqYw,-1862982288_9651671902396384.0,9651671902396390.0,13,0,0,1,0,Rand,Random,Random,,,,4,3,1,Desktop,1.0,0.0,TUR,0.0,0,0,1,0,1,0,0,1,0,0,0,0,0,0,0,0,0,0,1
22EMK2CFknPjpufQf,-811193271_1476455512862264.0,1476455512862260.0,2,1,1,0,1,Less,Utilitarian,Utilitarian,More,Less,1.0,4,1,0,Desktop,0.0,0.0,DEU,0.0,1,0,0,0,0,0,0,1,1,0,0,1,0,0,0,0,0,0,0
22EMK2CFknPjpufQf,-811193271_1476455512862264.0,1476455512862260.0,2,0,1,0,2,More,Utilitarian,Utilitarian,More,Less,1.0,5,1,1,Desktop,0.0,1.0,DEU,0.0,1,0,0,0,0,0,0,2,1,0,0,1,0,0,0,0,0,0,0
22EN9mSEHv4bkJTMi,-418230820_5085434027951814.0,5085434027951810.0,5,0,0,1,0,Old,Age,Age,Young,Old,0.0,5,0,0,Desktop,0.0,1.0,TUR,1.0,1,0,0,1,2,0,0,0,0,0,0,0,0,0,0,0,0,0,0
22EN9mSEHv4bkJTMi,-418230820_5085434027951814.0,5085434027951810.0,5,1,0,0,2,Young,Age,Age,Young,Old,0.0,5,0,1,Desktop,0.0,0.0,TUR,1.0,2,0,0,0,0,1,1,0,0,0,0,0,0,0,0,0,0,0,0
22ETQyKXferpja3sb,-535079524_516747921370179.0,516747921370179.0,13,1,0,0,0,Female,Gender,Gender,Male,Female,1.0,1,0,0,Mobile,0.0,1.0,BRA,0.0,0,0,0,0,0,0,0,0,0,0,0,0,0,1,0,0,0,0,0
22ETQyKXferpja3sb,-535079524_516747921370179.0,516747921370179.0,13,0,0,1,0,Male,Gender,Gender,Male,Female,1.0,1,0,1,Mobile,0.0,0.0,BRA,0.0,0,0,0,0,0,0,0,0,0,0,0,0,0,0,1,0,0,0,0
22ETvWn8wybEfLT3G,734469061_4432853717384863.0,4432853717384860.0,2,0,1,0,0,Fat,Fitness,Fitness,Fit,Fat,0.0,2,0,0,Desktop,1.0,1.0,USA,0.0,1,0,0,0,0,0,0,0,0,1,0,0,0,0,0,0,0,0,0
22ETvWn8wybEfLT3G,734469061_4432853717384863.0,4432853717384860.0,2,1,1,0,0,Fit,Fitness,Fitness,Fit,Fat,0.0,2,0,1,Desktop,1.0,0.0,USA,0.0,0,0,0,0,0,0,0,0,0,0,0,0,0,1,1,0,0,0,0
22EWwaNnxTDMGXfBw,-235906104_1214961642779223.0,1214961642779220.0,11,0,0,1,0,Pets,Species,Species,Hoomans,Pets,0.0,1,0,0,Mobile,0.0,1.0,BRA,0.0,0,0,0,0,0,0,0,0,0,0,0,0,0,0,0,0,0,1,0
22EWwaNnxTDMGXfBw,-235906104_1214961642779223.0,1214961642779220.0,11,1,0,0,1,Hoomans,Species,Species,Hoomans,Pets,0.0,1,0,1,Mobile,0.0,0.0,BRA,0.0,1,0,0,0,0,0,0,0,0,0,0,0,0,0,0,0,0,0,0
22Ed9TK64yEmkk4MM,2137266507_5497674498645158.0,5497674498645160.0,1,1,0,1,0,More,Utilitarian,Utilitarian,More,Less,0.0,5,1,1,Desktop,0.0,0.0,TUN,0.0,0,1,0,1,0,0,0,0,0,0,0,1,0,0,0,1,0,0,1
22Ed9TK64yEmkk4MM,2137266507_5497674498645158.0,5497674498645160.0,1,0,0,0,0,Less,Utilitarian,Utilitarian,More,Less,0.0,4,1,0,Desktop,0.0,1.0,TUN,0.0,0,0,0,1,0,0,0,0,0,0,0,1,0,0,0,1,0,0,1
22Eg3cGZCBLzzXnPk,1211784368_1608617839270755.0,1608617839270760.0,11,1,0,0,2,Young,Age,Age,Young,Old,0.0,1,0,1,Desktop,0.0,1.0,ESP,0.0,0,0,0,0,0,1,0,0,0,0,0,0,0,0,0,0,0,0,0
22Eg3cGZCBLzzXnPk,1211784368_1608617839270755.0,1608617839270760.0,11,0,0,1,0,Old,Age,Age,Young,Old,0.0,1,0,0,Desktop,0.0,0.0,ESP,0.0,0,0,0,1,0,0,0,0,0,0,0,0,0,0,0,0,0,0,0
22EgGfEc9Sn2Ng4pC,239621120_468933993674134.0,468933993674134.0,9,1,1,0,2,Rand,Fitness,Random,,,,1,0,0,Mobile,0.0,1.0,BRA,0.0,1,0,0,0,0,0,0,0,0,0,0,0,0,0,0,0,0,0,0
22EgGfEc9Sn2Ng4pC,239621120_468933993674134.0,468933993674134.0,9,0,1,0,1,Rand,Fitness,Random,,,,1,0,1,Mobile,0.0,0.0,BRA,0.0,0,0,0,0,0,0,0,0,0,0,0,0,0,1,0,0,0,0,0
22EhKgGdZyEd3vskz,1811171815_6379945805314581.0,6379945805314580.0,12,0,0,0,0,Fat,Fitness,Fitness,Fit,Fat,0.0,1,0,0,Desktop,1.0,0.0,RUS,1.0,0,0,0,0,0,0,0,0,0,0,0,0,0,0,0,0,0,0,0
22EhKgGdZyEd3vskz,1811171815_6379945805314581.0,6379945805314580.0,12,1,0,1,0,Fit,Fitness,Fitness,Fit,Fat,0.0,1,0,1,Desktop,1.0,1.0,RUS,0.0,0,0,0,0,0,0,0,0,0,0,0,0,0,0,1,0,0,0,0
22EjMBqzrScabvZA2,802596766_3020276005338566.0,3020276005338570.0,10,0,0,1,0,Rand,Random,Random,,,,4,0,0,Desktop,1.0,1.0,DEU,0.0,0,1,0,0,0,1,0,0,0,0,0,0,1,0,0,0,0,1,0
22EjMBqzrScabvZA2,802596766_3020276005338566.0,3020276005338570.0,10,1,0,0,2,Rand,Random,Random,,,,4,0,1,Desktop,1.0,0.0,DEU,1.0,0,0,0,0,0,0,1,1,0,1,0,0,0,0,0,0,0,0,0
22Ejox294knp7BFmg,854492216_5500946576860319.0,5500946576860320.0,4,0,0,0,2,Fit,Fitness,Fitness,Fit,Fat,1.0,3,0,0,Mobile,1.0,0.0,DEU,0.0,0,0,0,0,0,0,0,0,0,0,0,0,0,1,2,0,0,0,0
22Ejox294knp7BFmg,854492216_5500946576860319.0,5500946576860320.0,4,1,0,1,0,Fat,Fitness,Fitness,Fit,Fat,1.0,3,0,1,Mobile,1.0,1.0,DEU,0.0,0,0,0,0,0,0,0,0,1,2,0,0,0,0,0,0,0,0,0
22EuCmkn5zSo7HSjo,-539248530_6056693885214011.0,6056693885214010.0,10,0,0,1,0,Old,Age,Age,Young,Old,0.0,5,0,0,Desktop,0.0,1.0,BRA,1.0,0,0,0,4,0,0,0,0,0,0,0,0,0,0,0,0,0,0,0
22EuCmkn5zSo7HSjo,-539248530_6056693885214011.0,6056693885214010.0,10,1,0,0,1,Young,Age,Age,Young,Old,0.0,5,0,1,Desktop,0.0,0.0,BRA,2.0,0,0,0,0,0,3,0,0,0,0,0,0,0,0,0,0,0,0,0
22Eurr9jmCTsmmDbZ,-1378340831_3070876744530950.0,3070876744530950.0,11,0,1,0,1,Female,Gender,Gender,Male,Female,0.0,3,0,1,Desktop,0.0,1.0,FRA,0.0,0,0,0,0,1,0,0,0,0,0,0,0,1,0,0,1,0,0,0
22Eurr9jmCTsmmDbZ,-1378340831_3070876744530950.0,3070876744530950.0,11,1,1,0,2,Male,Gender,Gender,Male,Female,0.0,3,0,0,Desktop,0.0,0.0,FRA,0.0,0,0,0,1,0,0,0,0,0,0,0,1,0,0,0,0,1,0,0
22ExzatAfxKKyCph4,1539392257_7097869370673197.0,7097869370673200.0,3,0,1,0,0,Pets,Species,Species,Hoomans,Pets,0.0,3,0,0,Desktop,0.0,0.0,RUS,0.0,0,0,0,0,0,0,0,0,0,0,0,0,0,0,0,0,0,2,1
22ExzatAfxKKyCph4,1539392257_7097869370673197.0,7097869370673200.0,3,1,1,0,0,Hoomans,Species,Species,Hoomans,Pets,0.0,3,0,1,Desktop,0.0,1.0,RUS,0.0,0,0,0,0,1,0,0,0,0,0,0,0,0,0,0,2,0,0,0
22EyCHBx5F4cexiqH,588959826_9547622322333926.0,9547622322333930.0,1,1,0,1,0,Low,Social Status,Social Status,High,Low,1.0,4,0,1,Desktop,1.0,0.0,USA,0.0,2,0,0,0,0,0,0,2,0,0,0,0,0,0,0,0,0,0,0
22EyKrbXFSCbm68jX,1467085298_6013751892667731.0,6013751892667730.0,6,0,0,0,0,Rand,Random,Random,,,,1,2,0,Desktop,0.0,0.0,USA,0.0,0,0,1,0,0,0,0,0,0,0,0,0,0,0,0,0,0,0,0
22EyKrbXFSCbm68jX,1467085298_6013751892667731.0,6013751892667730.0,6,1,0,1,0,Rand,Random,Random,,,,3,2,1,Desktop,0.0,1.0,USA,0.0,0,1,0,0,0,1,0,0,0,0,1,0,0,0,0,0,0,0,0
22EypgGnzujshrSQG,-1109888415_8796737745518706.0,8796737745518710.0,10,1,1,0,0,Pets,Species,Species,Hoomans,Pets,1.0,3,0,1,Mobile,0.0,1.0,ITA,0.0,0,0,0,0,0,0,0,0,0,0,0,0,0,0,0,0,0,2,1
22EypgGnzujshrSQG,-1109888415_8796737745518706.0,8796737745518710.0,10,0,1,0,0,Hoomans,Species,Species,Hoomans,Pets,1.0,3,0,0,Mobile,0.0,0.0,ITA,0.0,1,1,0,0,0,0,0,0,0,0,0,0,0,0,0,0,1,0,0
22EzRmhLh7yhdTt9C,1120107212_5616518218138156.0,5616518218138160.0,5,1,1,0,0,Old,Age,Age,Young,Old,1.0,3,0,1,Desktop,1.0,0.0,DEU,1.0,0,0,0,1,1,0,0,0,0,0,0,0,0,0,0,0,0,0,0
22EzRmhLh7yhdTt9C,1120107212_5616518218138156.0,5616518218138160.0,5,0,1,0,0,Young,Age,Age,Young,Old,1.0,3,0,0,Desktop,1.0,1.0,DEU,1.0,1,0,0,0,0,1,0,0,0,0,0,0,0,0,0,0,0,0,0
22EzgCnFmSrKEsvtx,460948565_5321565268839581.0,5321565268839580.0,9,1,1,0,0,Fat,Fitness,Fitness,Fit,Fat,1.0,5,0,0,Desktop,1.0,0.0,DEU,0.0,0,0,0,0,0,0,0,0,2,3,0,0,0,0,0,0,0,0,0
22EzgCnFmSrKEsvtx,460948565_5321565268839581.0,5321565268839580.0,9,0,1,0,0,Fit,Fitness,Fitness,Fit,Fat,1.0,5,0,1,Desktop,1.0,1.0,DEU,1.0,1,0,0,0,0,0,0,0,0,0,0,0,0,1,2,0,0,0,0
22F5nSpc2ne2Zmyr3,-1094051107_6542074896094472.0,6542074896094470.0,1,1,0,0,0,Female,Gender,Gender,Male,Female,1.0,2,0,1,Desktop,1.0,0.0,GBR,0.0,0,0,0,0,0,0,1,0,0,0,0,0,0,0,0,1,0,0,0
22F5nSpc2ne2Zmyr3,-1094051107_6542074896094472.0,6542074896094470.0,1,0,0,1,0,Male,Gender,Gender,Male,Female,1.0,2,0,0,Desktop,1.0,1.0,GBR,0.0,0,0,0,0,0,1,0,0,0,0,0,0,0,0,0,0,1,0,0
22F83o2ZkJBhiEPtx,-1481466810_9249275214590734.0,9249275214590740.0,4,0,1,0,1,Fat,Fitness,Fitness,Fit,Fat,0.0,1,0,1,Desktop,1.0,1.0,USA,0.0,1,0,0,0,0,0,0,0,0,0,0,0,0,0,0,0,0,0,0
22F83o2ZkJBhiEPtx,-1481466810_9249275214590734.0,9249275214590740.0,4,1,1,0,2,Fit,Fitness,Fitness,Fit,Fat,0.0,1,0,0,Desktop,1.0,0.0,USA,0.0,0,0,0,0,0,0,0,0,0,0,0,0,0,1,0,0,0,0,0
22FAqKokAHNGuxbfR,574922922_9371614166700676.0,9371614166700680.0,7,1,0,0,1,High,Social Status,Social Status,High,Low,0.0,1,0,1,Desktop,0.0,0.0,FRA,0.0,0,0,0,0,0,0,0,0,0,0,0,0,1,0,0,0,0,0,0
22FAqKokAHNGuxbfR,574922922_9371614166700676.0,9371614166700680.0,7,0,0,1,0,Low,Social Status,Social Status,High,Low,0.0,1,0,0,Desktop,0.0,1.0,FRA,0.0,0,0,0,0,0,0,0,1,0,0,0,0,0,0,0,0,0,0,0
22FAtwoMr3vohcsQs,1672473673_7335094195983964.0,7335094195983970.0,10,1,1,0,1,Low,Social Status,Social Status,High,Low,1.0,1,0,1,Desktop,0.0,1.0,FRA,0.0,0,0,0,0,0,0,0,1,0,0,0,0,0,0,0,0,0,0,0
22FCTg3jN6iSZHQ8z,-1459374520_3418196986923698.0,3418196986923700.0,10,1,0,0,0,Hoomans,Species,Species,Hoomans,Pets,0.0,5,0,1,Mobile,0.0,0.0,DNK,0.0,0,0,0,0,1,0,0,2,0,1,0,1,0,0,0,0,0,0,0
22FCTg3jN6iSZHQ8z,-1459374520_3418196986923698.0,3418196986923700.0,10,0,0,1,0,Pets,Species,Species,Hoomans,Pets,0.0,5,0,0,Mobile,0.0,1.0,DNK,0.0,0,0,0,0,0,0,0,0,0,0,0,0,0,0,0,0,0,1,4
22FDFf6TJhPn7uXmW,127652239_5325815090909600.0,5325815090909600.0,4,0,0,0,2,Fit,Fitness,Fitness,Fit,Fat,1.0,4,0,0,Mobile,1.0,1.0,DEU,2.0,0,0,0,0,0,0,0,0,0,0,0,0,0,1,1,0,0,0,0
22FDFf6TJhPn7uXmW,127652239_5325815090909600.0,5325815090909600.0,4,1,0,1,0,Fat,Fitness,Fitness,Fit,Fat,1.0,4,0,1,Mobile,1.0,0.0,DEU,1.0,0,0,0,0,0,0,0,0,1,2,0,0,0,0,0,0,0,0,0
22FDofQRXRFWJPtLR,-875057346_3014259757155386.0,3014259757155390.0,5,1,1,0,2,High,Social Status,Social Status,High,Low,0.0,5,0,1,Desktop,0.0,0.0,RUS,3.0,2,0,0,0,0,0,0,0,0,0,0,0,0,0,0,0,0,0,0
22FDp9nKTnMT3XFdY,-1074343609_1947678847695078.0,1947678847695080.0,11,1,0,0,2,Rand,Random,Random,,,,1,4,1,Desktop,0.0,1.0,USA,0.0,0,1,0,0,0,0,0,0,0,0,0,0,0,0,0,0,0,0,0
22FDp9nKTnMT3XFdY,-1074343609_1947678847695078.0,1947678847695080.0,11,0,0,1,0,Rand,Random,Random,,,,5,4,0,Desktop,1.0,0.0,USA,0.0,0,0,0,0,0,1,0,1,0,0,0,0,1,0,1,0,0,0,1
22FHxFKKmDuTRGtkP,-870948918_834729147893973.0,834729147893973.0,13,0,0,1,0,Low,Social Status,Social Status,High,Low,0.0,4,0,1,Desktop,0.0,1.0,TUR,0.0,1,0,0,0,0,0,0,3,0,0,0,0,0,0,0,0,0,0,0
22FJ5N4vcpP3co5CT,104598730_665648269009515.0,665648269009515.0,13,0,1,0,1,Young,Age,Age,Young,Old,1.0,3,0,1,Desktop,1.0,1.0,ARE,0.0,2,0,0,0,0,0,1,0,0,0,0,0,0,0,0,0,0,0,0
22FJ5N4vcpP3co5CT,104598730_665648269009515.0,665648269009515.0,13,1,1,0,2,Old,Age,Age,Young,Old,1.0,3,0,0,Desktop,1.0,0.0,ARE,0.0,1,0,0,0,2,0,0,0,0,0,0,0,0,0,0,0,0,0,0
22FKhshvrNhXDPT2G,-2133826373_5804496149066836.0,5804496149066840.0,12,0,1,0,0,Pets,Species,Species,Hoomans,Pets,0.0,5,0,0,Mobile,0.0,0.0,ITA,0.0,0,0,0,0,0,0,0,0,0,0,0,0,0,0,0,0,0,1,4
22FKhshvrNhXDPT2G,-2133826373_5804496149066836.0,5804496149066840.0,12,1,1,0,0,Hoomans,Species,Species,Hoomans,Pets,0.0,5,0,1,Mobile,0.0,1.0,ITA,0.0,0,0,0,1,0,0,2,0,0,1,0,0,0,1,0,0,0,0,0
22FPsBs352BimALcv,1943560988_7660820463275062.0,7660820463275059.0,3,0,1,0,0,Less,Utilitarian,Utilitarian,More,Less,0.0,4,1,0,Desktop,1.0,0.0,DEU,0.0,0,0,1,0,0,0,0,0,0,0,0,0,1,1,0,0,0,1,0
22FPsBs352BimALcv,1943560988_7660820463275062.0,7660820463275059.0,3,1,1,0,0,More,Utilitarian,Utilitarian,More,Less,0.0,5,1,1,Desktop,1.0,1.0,DEU,1.0,0,0,1,0,0,0,0,0,0,0,0,0,1,1,0,0,0,1,0
22FQEMs9btd8u6pSf,493973394_1667025231290608.0,1667025231290610.0,6,1,1,0,1,Male,Gender,Gender,Male,Female,0.0,2,0,1,Desktop,0.0,0.0,FRA,0.0,0,0,0,0,0,0,0,0,0,0,0,0,0,0,1,0,1,0,0
22FQEMs9btd8u6pSf,493973394_1667025231290608.0,1667025231290610.0,6,0,1,0,2,Female,Gender,Gender,Male,Female,0.0,2,0,0,Desktop,0.0,1.0,FRA,0.0,0,0,0,0,0,0,0,0,0,0,0,0,0,1,0,1,0,0,0
22FQwepkY3PfihR2f,-195670513_718332024962653.0,718332024962653.0,6,0,0,0,0,Hoomans,Species,Species,Hoomans,Pets,1.0,1,0,1,Desktop,0.0,0.0,ESP,0.0,0,0,0,0,0,0,0,0,0,0,0,0,1,0,0,0,0,0,0
22FQwepkY3PfihR2f,-195670513_718332024962653.0,718332024962653.0,6,1,0,1,0,Pets,Species,Species,Hoomans,Pets,1.0,1,0,0,Desktop,0.0,1.0,ESP,0.0,0,0,0,0,0,0,0,0,0,0,0,0,0,0,0,0,0,1,0
22FRhyu6DmggDGvth,-182351918_1039328990900745.0,1039328990900750.0,6,0,0,0,1,Hoomans,Species,Species,Hoomans,Pets,1.0,3,0,1,Desktop,1.0,1.0,BRA,1.0,0,0,0,0,1,0,0,0,0,0,1,0,0,0,0,0,0,0,0
22FRhyu6DmggDGvth,-182351918_1039328990900745.0,1039328990900750.0,6,1,0,1,0,Pets,Species,Species,Hoomans,Pets,1.0,3,0,0,Desktop,1.0,0.0,BRA,0.0,0,0,0,0,0,0,0,0,0,0,0,0,0,0,0,0,0,3,0
22FTZgCRZP67m2nSS,543904755_6520872148786063.0,6520872148786060.0,7,1,0,0,2,Hoomans,Species,Species,Hoomans,Pets,0.0,3,0,1,Desktop,0.0,1.0,CZE,1.0,0,0,0,1,0,0,0,0,0,0,0,0,0,1,0,0,0,0,0
22FTZgCRZP67m2nSS,543904755_6520872148786063.0,6520872148786060.0,7,0,0,1,0,Pets,Species,Species,Hoomans,Pets,0.0,3,0,0,Desktop,0.0,0.0,CZE,0.0,0,0,0,0,0,0,0,0,0,0,0,0,0,0,0,0,0,2,1
22FYF4hvPk5Bzuaos,69536475_510826693593657.0,510826693593657.0,1,1,0,0,0,Male,Gender,Gender,Male,Female,0.0,1,0,1,Mobile,0.0,0.0,USA,0.0,0,0,0,1,0,0,0,0,0,0,0,0,0,0,0,0,0,0,0
22FYF4hvPk5Bzuaos,69536475_510826693593657.0,510826693593657.0,1,0,0,1,0,Female,Gender,Gender,Male,Female,0.0,1,0,0,Mobile,0.0,1.0,USA,0.0,0,0,0,0,1,0,0,0,0,0,0,0,0,0,0,0,0,0,0
22FYJSgyR7sH5hukZ,476102505_2209494584660523.0,2209494584660520.0,12,0,0,1,0,Female,Gender,Gender,Male,Female,0.0,1,0,0,Mobile,0.0,0.0,SVK,0.0,0,0,0,0,0,0,0,0,0,0,0,0,1,0,0,0,0,0,0
22FYJSgyR7sH5hukZ,476102505_2209494584660523.0,2209494584660520.0,12,1,0,0,1,Male,Gender,Gender,Male,Female,0.0,1,0,1,Mobile,0.0,1.0,SVK,0.0,0,0,0,0,0,0,0,0,0,0,0,1,0,0,0,0,0,0,0
22FZtCcW65aJee2Ai,-1187006091_411513012385513.0,411513012385513.0,2,1,0,1,0,Less,Utilitarian,Utilitarian,More,Less,1.0,4,1,0,Desktop,1.0,0.0,USA,0.0,0,0,0,0,0,0,0,0,0,0,0,0,1,2,0,0,0,1,0
22FZtCcW65aJee2Ai,-1187006091_411513012385513.0,411513012385513.0,2,0,0,0,0,More,Utilitarian,Utilitarian,More,Less,1.0,5,1,1,Desktop,1.0,1.0,USA,0.0,0,0,0,1,0,0,0,0,0,0,0,0,1,2,0,0,0,1,0
22FafTd5GYcxqtjwu,196901696_2766443361729622.0,2766443361729620.0,3,1,0,0,2,Male,Gender,Gender,Male,Female,0.0,1,0,1,Mobile,0.0,0.0,NLD,0.0,0,0,0,0,0,0,0,0,0,0,0,1,0,0,0,0,0,0,0
22FafTd5GYcxqtjwu,196901696_2766443361729622.0,2766443361729620.0,3,0,0,1,0,Female,Gender,Gender,Male,Female,0.0,1,0,0,Mobile,0.0,1.0,NLD,0.0,0,0,0,0,0,0,0,0,0,0,0,0,1,0,0,0,0,0,0
22FbxvhqbSxwryAto,1914618270_2280587040103381.0,2280587040103380.0,7,0,1,0,2,Fit,Fitness,Fitness,Fit,Fat,1.0,4,0,0,Desktop,0.0,0.0,BRA,0.0,0,0,0,0,0,0,0,0,0,0,0,0,0,2,2,0,0,0,0
22FbxvhqbSxwryAto,1914618270_2280587040103381.0,2280587040103380.0,7,1,1,0,1,Fat,Fitness,Fitness,Fit,Fat,1.0,4,0,1,Desktop,0.0,1.0,BRA,2.0,1,0,0,0,0,0,0,0,1,0,0,0,0,0,0,0,0,0,0
22FcWseWan5MxoHFm,1383367392_144069687314956.0,144069687314956.0,9,1,0,1,0,Pets,Species,Species,Hoomans,Pets,1.0,1,0,0,Desktop,1.0,0.0,ITA,0.0,0,0,0,0,0,0,0,0,0,0,0,0,0,0,0,0,0,0,1
22FcWseWan5MxoHFm,1383367392_144069687314956.0,144069687314956.0,9,0,0,0,0,Hoomans,Species,Species,Hoomans,Pets,1.0,1,0,1,Desktop,1.0,1.0,ITA,0.0,0,0,0,0,0,0,0,0,0,0,0,0,0,0,0,0,1,0,0
22FdjQFdsZ52qH784,-885249399_329693779766562.0,329693779766562.0,11,0,0,1,0,Hoomans,Species,Species,Hoomans,Pets,1.0,5,0,1,Desktop,0.0,1.0,POL,2.0,0,0,0,0,0,0,0,0,0,0,0,1,0,1,1,0,0,0,0
22FdjQFdsZ52qH784,-885249399_329693779766562.0,329693779766562.0,11,1,0,0,0,Pets,Species,Species,Hoomans,Pets,1.0,5,0,0,Desktop,0.0,0.0,POL,0.0,0,0,0,0,0,0,0,0,0,0,0,0,0,0,0,0,0,4,1
22FehnMSKsAnxReep,-679634877_6830408133125598.0,6830408133125600.0,10,0,1,0,2,Hoomans,Species,Species,Hoomans,Pets,1.0,2,0,1,Desktop,1.0,1.0,URY,0.0,0,0,0,0,1,0,1,0,0,0,0,0,0,0,0,0,0,0,0
22FehnMSKsAnxReep,-679634877_6830408133125598.0,6830408133125600.0,10,1,1,0,1,Pets,Species,Species,Hoomans,Pets,1.0,2,0,0,Desktop,1.0,0.0,URY,0.0,0,0,0,0,0,0,0,0,0,0,0,0,0,0,0,0,0,0,2
22FevETD6rgztn85A,-1411890313_749921633381955.0,749921633381955.0,6,1,1,0,0,Low,Social Status,Social Status,High,Low,1.0,5,0,0,Desktop,1.0,1.0,MEX,1.0,1,0,0,0,0,0,0,3,0,0,0,0,0,0,0,0,0,0,0
22FhJT9vqWL9krwvn,1749374904_5045501900404576.0,5045501900404580.0,11,0,1,0,0,Young,Age,Age,Young,Old,1.0,3,0,0,Desktop,0.0,0.0,USA,1.0,1,0,0,0,0,0,1,0,0,0,0,0,0,0,0,0,0,0,0
22FhJT9vqWL9krwvn,1749374904_5045501900404576.0,5045501900404580.0,11,1,1,0,0,Old,Age,Age,Young,Old,1.0,3,0,1,Desktop,0.0,1.0,USA,0.0,0,0,0,1,2,0,0,0,0,0,0,0,0,0,0,0,0,0,0
22FhY83uF8HaFbZ5u,-307998507_9474970917044714.0,9474970917044710.0,13,1,1,0,1,Pets,Species,Species,Hoomans,Pets,1.0,4,0,1,Desktop,0.0,1.0,TUR,0.0,0,0,0,0,0,0,0,0,0,0,0,0,0,0,0,0,0,1,3
22FhY83uF8HaFbZ5u,-307998507_9474970917044714.0,9474970917044710.0,13,0,1,0,2,Hoomans,Species,Species,Hoomans,Pets,1.0,4,0,0,Desktop,0.0,0.0,TUR,0.0,1,0,0,1,0,0,0,0,0,1,0,0,0,0,0,1,0,0,0
22Fi8yF354PQYFqoP,-222566139_4761119587368383.0,4761119587368380.0,4,0,0,1,0,Fit,Fitness,Fitness,Fit,Fat,1.0,5,0,0,Mobile,0.0,1.0,BRA,0.0,1,0,0,0,0,0,0,0,0,0,0,0,0,3,1,0,0,0,0
22Fi8yF354PQYFqoP,-222566139_4761119587368383.0,4761119587368380.0,4,1,0,0,1,Fat,Fitness,Fitness,Fit,Fat,1.0,5,0,1,Mobile,0.0,0.0,BRA,1.0,0,0,0,0,0,0,0,0,4,0,0,0,0,0,0,0,0,0,0
22FjkxurYJSdWEwnK,-994677643_9601511971425432.0,9601511971425430.0,10,0,0,1,0,Rand,Random,Random,,,,4,1,0,Desktop,0.0,1.0,USA,0.0,0,0,0,0,0,0,0,0,0,0,1,0,0,2,0,0,1,0,0
22FjkxurYJSdWEwnK,-994677643_9601511971425432.0,9601511971425430.0,10,1,0,0,0,Rand,Random,Random,,,,5,1,1,Desktop,0.0,0.0,USA,1.0,0,0,1,0,0,0,0,1,0,0,0,0,0,0,1,0,0,1,0
22FkPuRmvFfpYeNpf,-235381737_7467160997329392.0,7467160997329390.0,2,1,1,0,0,More,Utilitarian,Utilitarian,More,Less,0.0,5,3,1,Mobile,0.0,0.0,USA,0.0,0,0,1,1,1,1,0,0,0,0,0,0,1,0,0,0,0,0,0
22FkPuRmvFfpYeNpf,-235381737_7467160997329392.0,7467160997329390.0,2,0,1,0,0,Less,Utilitarian,Utilitarian,More,Less,0.0,2,3,0,Mobile,0.0,1.0,USA,0.0,0,0,1,0,0,1,0,0,0,0,0,0,0,0,0,0,0,0,0
22FmZSJPNytHhyPgM,1802620530_4673510899986759.0,4673510899986760.0,13,1,1,0,1,Male,Gender,Gender,Male,Female,0.0,1,0,1,Desktop,0.0,1.0,BRA,0.0,0,0,0,0,0,0,0,0,0,0,0,0,0,0,1,0,0,0,0
22FmZSJPNytHhyPgM,1802620530_4673510899986759.0,4673510899986760.0,13,0,1,0,2,Female,Gender,Gender,Male,Female,0.0,1,0,0,Desktop,0.0,0.0,BRA,0.0,0,0,0,0,0,0,0,0,0,0,0,0,0,1,0,0,0,0,0
22FqsiagSFjetcJ5v,-1938485792_7370355441501137.0,7370355441501139.0,11,1,1,0,1,Male,Gender,Gender,Male,Female,0.0,2,0,1,Desktop,0.0,0.0,USA,0.0,0,0,0,1,0,0,0,0,0,0,0,0,0,0,0,0,1,0,0
22FqsiagSFjetcJ5v,-1938485792_7370355441501137.0,7370355441501139.0,11,0,1,0,2,Female,Gender,Gender,Male,Female,0.0,2,0,0,Desktop,0.0,1.0,USA,0.0,0,0,0,0,1,0,0,0,0,0,0,0,0,0,0,1,0,0,0
22FroHRAeQsToqyd7,-579878387_4766306012686499.0,4766306012686500.0,3,1,1,0,1,Pets,Species,Species,Hoomans,Pets,1.0,4,0,0,Mobile,0.0,0.0,JPN,0.0,0,0,0,0,0,0,0,0,0,0,0,0,0,0,0,0,0,1,3
22FroHRAeQsToqyd7,-579878387_4766306012686499.0,4766306012686500.0,3,0,1,0,2,Hoomans,Species,Species,Hoomans,Pets,1.0,4,0,1,Mobile,0.0,1.0,JPN,0.0,0,1,1,0,0,1,0,0,0,0,0,1,0,0,0,0,0,0,0
22FsCL28SuJpec8dW,467635624_1072073605018488.0,1072073605018490.0,4,1,0,0,0,Rand,Random,Random,,,,4,2,1,Desktop,1.0,1.0,USA,1.0,0,0,0,0,0,1,0,0,0,1,0,1,0,0,0,0,0,0,0
22FsCL28SuJpec8dW,467635624_1072073605018488.0,1072073605018490.0,4,0,0,1,0,Rand,Random,Random,,,,2,2,0,Desktop,1.0,0.0,USA,0.0,0,0,0,0,0,0,0,0,0,0,0,0,0,0,2,0,0,0,0
22FsJjCAqYQnBATPA,-1537282876_1741248161818741.0,1741248161818740.0,8,1,0,1,0,Fat,Fitness,Fitness,Fit,Fat,1.0,3,0,0,Mobile,0.0,1.0,USA,0.0,0,0,0,0,0,0,0,0,1,2,0,0,0,0,0,0,0,0,0
22FsJjCAqYQnBATPA,-1537282876_1741248161818741.0,1741248161818740.0,8,0,0,0,2,Fit,Fitness,Fitness,Fit,Fat,1.0,3,0,1,Mobile,0.0,0.0,USA,1.0,0,0,0,0,0,0,0,0,0,0,0,0,0,1,1,0,0,0,0
22FuA4NsBE9Xm9A4Y,2082151551_5601082918186542.0,5601082918186540.0,13,1,1,0,0,Female,Gender,Gender,Male,Female,1.0,3,0,1,Desktop,0.0,0.0,TUR,0.0,1,0,0,0,0,0,0,0,0,0,0,0,1,0,0,1,0,0,0
22FuA4NsBE9Xm9A4Y,2082151551_5601082918186542.0,5601082918186540.0,13,0,1,0,0,Male,Gender,Gender,Male,Female,1.0,3,0,0,Desktop,0.0,1.0,TUR,1.0,0,0,0,0,0,0,0,0,0,0,0,1,0,0,0,0,1,0,0
22FuKzSD6JGS68eYu,1025680703_4764200110377987.0,4764200110377990.0,1,1,0,1,0,More,Utilitarian,Utilitarian,More,Less,0.0,5,3,1,Desktop,1.0,0.0,USA,0.0,0,0,1,0,0,0,0,0,1,0,2,0,0,0,0,0,0,1,0
22FuKzSD6JGS68eYu,1025680703_4764200110377987.0,4764200110377990.0,1,0,0,0,2,Less,Utilitarian,Utilitarian,More,Less,0.0,2,3,0,Desktop,1.0,1.0,USA,0.0,0,0,0,0,0,0,0,0,0,0,2,0,0,0,0,0,0,0,0
22FxQpvoguLgtWGzo,-1986969043_5769123266853751.0,5769123266853750.0,4,0,1,0,0,Fat,Fitness,Fitness,Fit,Fat,0.0,1,0,0,Mobile,0.0,1.0,HRV,0.0,1,0,0,0,0,0,0,0,0,0,0,0,0,0,0,0,0,0,0
22FxQpvoguLgtWGzo,-1986969043_5769123266853751.0,5769123266853750.0,4,1,1,0,0,Fit,Fitness,Fitness,Fit,Fat,0.0,1,0,1,Mobile,0.0,0.0,HRV,0.0,0,0,0,0,0,0,0,0,0,0,0,0,0,1,0,0,0,0,0
22FzWq9boxmigJySP,-450158314_1299449967070124.0,1299449967070120.0,12,1,1,0,0,More,Utilitarian,Utilitarian,More,Less,0.0,5,4,1,Desktop,1.0,0.0,BEL,0.0,0,1,0,0,0,1,0,0,0,0,0,0,1,0,0,0,0,2,0
22FzWq9boxmigJySP,-450158314_1299449967070124.0,1299449967070120.0,12,0,1,0,0,Less,Utilitarian,Utilitarian,More,Less,0.0,1,4,0,Desktop,1.0,1.0,BEL,0.0,0,1,0,0,0,0,0,0,0,0,0,0,0,0,0,0,0,0,0
22FzgxJKJ8GZTKN4q,170699395_4512660677084822.0,4512660677084820.0,4,0,1,0,0,High,Social Status,Social Status,High,Low,1.0,2,0,1,Desktop,0.0,1.0,ISR,1.0,1,0,0,0,0,0,0,0,0,0,0,0,0,0,0,0,0,0,0
22G239dDCDas9SaDP,816903774_782245367392130.0,782245367392130.0,9,0,0,0,0,Low,Social Status,Social Status,High,Low,0.0,2,0,1,Desktop,1.0,0.0,USA,0.0,0,0,0,0,0,0,0,2,0,0,0,0,0,0,0,0,0,0,0
22G2qeogiXMXTwWdu,-929400568_5455495316951016.0,5455495316951020.0,13,0,1,0,1,Male,Gender,Gender,Male,Female,1.0,1,0,1,Mobile,0.0,0.0,GBR,1.0,0,0,0,0,0,0,0,0,0,0,0,0,0,0,0,0,0,0,0
22G2qeogiXMXTwWdu,-929400568_5455495316951016.0,5455495316951020.0,13,1,1,0,2,Female,Gender,Gender,Male,Female,1.0,1,0,0,Mobile,0.0,1.0,GBR,0.0,1,0,0,0,0,0,0,0,0,0,0,0,0,0,0,0,0,0,0
22G4FbhGbnYdefEje,-1651837835_4206241432647275.0,4206241432647280.0,13,1,1,0,1,Less,Utilitarian,Utilitarian,More,Less,1.0,1,4,0,Mobile,0.0,1.0,GBR,0.0,0,0,0,1,0,0,0,0,0,0,0,0,0,0,0,0,0,0,0
22G4FbhGbnYdefEje,-1651837835_4206241432647275.0,4206241432647280.0,13,0,1,0,2,More,Utilitarian,Utilitarian,More,Less,1.0,5,4,1,Mobile,0.0,0.0,GBR,0.0,1,1,0,1,1,0,0,0,0,0,0,0,0,0,0,0,0,1,0
22G4hEcqjBQC9mFar,1650551900_5261042763503645.0,5261042763503650.0,6,0,0,1,0,Fat,Fitness,Fitness,Fit,Fat,0.0,4,0,0,Desktop,0.0,1.0,USA,1.0,0,0,0,0,0,0,0,0,1,2,0,0,0,0,0,0,0,0,0
22G4hEcqjBQC9mFar,1650551900_5261042763503645.0,5261042763503650.0,6,1,0,0,0,Fit,Fitness,Fitness,Fit,Fat,0.0,4,0,1,Desktop,0.0,0.0,USA,1.0,0,0,0,0,0,0,0,0,0,0,0,0,0,1,2,0,0,0,0
22G6jgJD9aaqtHpeP,170521263_4199417592026293.0,4199417592026289.5,9,0,1,0,0,More,Utilitarian,Utilitarian,More,Less,1.0,5,3,1,Desktop,0.0,1.0,ITA,2.0,0,2,0,0,0,0,0,0,0,1,0,0,0,0,0,0,0,0,0
